[
{
  "model": "users.user",
  "pk": 1,
  "fields": {
    "password": "pbkdf2_sha256$1000000$CGcltKtG1G0w9Jq005EujR$obUuOyBj9BcYnMbeNW+KiNCn8SNJHj/LpUMiwxpg1Mo=",
    "last_login": "2026-01-15T09:38:16.121Z",
    "is_superuser": true,
    "username": "admin",
    "first_name": "",
    "last_name": "",
    "email": "admin@example.com",
    "is_staff": true,
    "is_active": true,
    "date_joined": "2025-11-19T11:28:46.596Z",
    "role": "superadmin",
    "display_name": "Super Admin",
    "phone": "",
    "date_of_birth": null,
    "address": "",
    "must_change_password": false,
    "prefers_simple_language": true,
    "prefers_high_contrast": false,
    "speech_rate": 0.9,
    "totp_secret": "",
    "totp_enabled": false,
    "totp_activated_at": null,
    "groups": [],
    "user_permissions": []
  }
},
{
  "model": "users.user",
  "pk": 2,
  "fields": {
    "password": "pbkdf2_sha256$1000000$TfvIPY9H6QQxleGNqj4jO8$qR/gMc2PNUYiH4hf+47rTvRnIeqKUZV6JwjrIXpGvTE=",
    "last_login": null,
    "is_superuser": false,
    "username": "hod.travel",
    "first_name": "",
    "last_name": "",
    "email": "hod.travel@example.com",
    "is_staff": false,
    "is_active": true,
    "date_joined": "2025-11-19T11:28:47.390Z",
    "role": "hod",
    "display_name": "HOD Travel",
    "phone": "",
    "date_of_birth": null,
    "address": "",
    "must_change_password": false,
    "prefers_simple_language": true,
    "prefers_high_contrast": false,
    "speech_rate": 0.9,
    "totp_secret": "",
    "totp_enabled": false,
    "totp_activated_at": null,
    "groups": [],
    "user_permissions": []
  }
},
{
  "model": "users.user",
  "pk": 3,
  "fields": {
    "password": "pbkdf2_sha256$1000000$BYVx4rBG4FXpuXcFzhfbwC$kFBdS5IUNmLDP0WIUAHAtkAQdnbqqEl79Q2w81seifg=",
    "last_login": "2026-03-19T07:31:04.186Z",
    "is_superuser": false,
    "username": "lecturer1",
    "first_name": "",
    "last_name": "",
    "email": "lecturer1@example.com",
    "is_staff": true,
    "is_active": true,
    "date_joined": "2025-11-19T11:28:48.109Z",
    "role": "lecturer",
    "display_name": "Peter Lecturer",
    "phone": "",
    "date_of_birth": null,
    "address": "",
    "must_change_password": false,
    "prefers_simple_language": true,
    "prefers_high_contrast": false,
    "speech_rate": 0.9,
    "totp_secret": "",
    "totp_enabled": false,
    "totp_activated_at": null,
    "groups": [],
    "user_permissions": []
  }
},
{
  "model": "users.user",
  "pk": 4,
  "fields": {
    "password": "pbkdf2_sha256$1000000$oZM4TK0bPeSfRmZXn6uHgm$C8ocBznH903FT8NWPJ753GUzej56CIv9lIPBTZfL3R8=",
    "last_login": null,
    "is_superuser": false,
    "username": "lecturer2",
    "first_name": "",
    "last_name": "",
    "email": "lecturer2@example.com",
    "is_staff": false,
    "is_active": true,
    "date_joined": "2025-11-19T11:28:48.753Z",
    "role": "lecturer",
    "display_name": "Lecturer 2",
    "phone": "",
    "date_of_birth": null,
    "address": "",
    "must_change_password": false,
    "prefers_simple_language": true,
    "prefers_high_contrast": false,
    "speech_rate": 0.9,
    "totp_secret": "",
    "totp_enabled": false,
    "totp_activated_at": null,
    "groups": [],
    "user_permissions": []
  }
},
{
  "model": "users.user",
  "pk": 5,
  "fields": {
    "password": "pbkdf2_sha256$1000000$L0K5fCEyCTFT4Pd8awN2eK$s/m66DzMKfQ6zSoF/ZdbHbdAx80KY4AEDLKu4fFzb08=",
    "last_login": "2026-03-19T08:39:01.927Z",
    "is_superuser": false,
    "username": "student1",
    "first_name": "",
    "last_name": "",
    "email": "student1@example.com",
    "is_staff": false,
    "is_active": true,
    "date_joined": "2025-11-19T11:28:49.438Z",
    "role": "student",
    "display_name": "Aisha Student",
    "phone": "",
    "date_of_birth": null,
    "address": "",
    "must_change_password": false,
    "prefers_simple_language": true,
    "prefers_high_contrast": false,
    "speech_rate": 0.9,
    "totp_secret": "",
    "totp_enabled": false,
    "totp_activated_at": null,
    "groups": [],
    "user_permissions": []
  }
},
{
  "model": "users.user",
  "pk": 6,
  "fields": {
    "password": "pbkdf2_sha256$1000000$8SPmzqhfiXR8J5SpDOVTTA$MR6Iw5MNlmWGbb8dsVCGR6eyd8l18FnjRudMlHKiRok=",
    "last_login": "2026-03-19T08:05:17.717Z",
    "is_superuser": false,
    "username": "parent1",
    "first_name": "",
    "last_name": "",
    "email": "parent1@example.com",
    "is_staff": false,
    "is_active": true,
    "date_joined": "2025-11-19T11:28:50.106Z",
    "role": "parent",
    "display_name": "Grace Parent",
    "phone": "",
    "date_of_birth": null,
    "address": "",
    "must_change_password": false,
    "prefers_simple_language": true,
    "prefers_high_contrast": false,
    "speech_rate": 0.9,
    "totp_secret": "",
    "totp_enabled": false,
    "totp_activated_at": null,
    "groups": [],
    "user_permissions": []
  }
},
{
  "model": "users.user",
  "pk": 7,
  "fields": {
    "password": "pbkdf2_sha256$1000000$baurmqUVVOjrFZYW1be58K$z7a+E5TCrmzm6XFBryP1Tj16mJ4HTOhjYN5ezB8ltAw=",
    "last_login": "2026-03-19T06:37:20.766Z",
    "is_superuser": true,
    "username": "Mnavu",
    "first_name": "",
    "last_name": "",
    "email": "akolorita@gmail.com",
    "is_staff": true,
    "is_active": true,
    "date_joined": "2026-01-15T09:36:02.052Z",
    "role": "guest",
    "display_name": "Mnavu",
    "phone": "",
    "date_of_birth": null,
    "address": "",
    "must_change_password": false,
    "prefers_simple_language": true,
    "prefers_high_contrast": false,
    "speech_rate": 0.9,
    "totp_secret": "",
    "totp_enabled": false,
    "totp_activated_at": null,
    "groups": [],
    "user_permissions": []
  }
},
{
  "model": "users.user",
  "pk": 8,
  "fields": {
    "password": "pbkdf2_sha256$1000000$hjHJXIwdD438rnHhYeBiOK$MiC9sbdYT2k9eyIdxR1hfgzVzApmrzauNNJ/X2xyj3I=",
    "last_login": "2026-03-19T07:52:38.017Z",
    "is_superuser": false,
    "username": "hod1",
    "first_name": "",
    "last_name": "",
    "email": "hod1@example.com",
    "is_staff": true,
    "is_active": true,
    "date_joined": "2026-01-15T10:01:29.651Z",
    "role": "hod",
    "display_name": "Mary HoD",
    "phone": "",
    "date_of_birth": null,
    "address": "",
    "must_change_password": false,
    "prefers_simple_language": true,
    "prefers_high_contrast": false,
    "speech_rate": 0.9,
    "totp_secret": "",
    "totp_enabled": false,
    "totp_activated_at": null,
    "groups": [],
    "user_permissions": []
  }
},
{
  "model": "users.user",
  "pk": 9,
  "fields": {
    "password": "pbkdf2_sha256$1000000$MQIiOQeVFDGXigSfji1Dja$MxQ7M2u5mYjFLAPphj/ifAV2D+XlnyRw8geSV5AFWy4=",
    "last_login": "2026-03-19T08:24:25.798Z",
    "is_superuser": false,
    "username": "finance1",
    "first_name": "",
    "last_name": "",
    "email": "finance1@example.com",
    "is_staff": true,
    "is_active": true,
    "date_joined": "2026-01-15T10:01:30.168Z",
    "role": "finance",
    "display_name": "James Finance",
    "phone": "",
    "date_of_birth": null,
    "address": "",
    "must_change_password": false,
    "prefers_simple_language": true,
    "prefers_high_contrast": false,
    "speech_rate": 0.9,
    "totp_secret": "",
    "totp_enabled": false,
    "totp_activated_at": null,
    "groups": [],
    "user_permissions": []
  }
},
{
  "model": "users.user",
  "pk": 10,
  "fields": {
    "password": "pbkdf2_sha256$1000000$WBx6mrFgY7cFW7eLl4g014$hWzur8JIGHcBE8VOzSXN+Gt6Ung0zvrkk2SG9J1Uf2U=",
    "last_login": "2026-03-19T07:55:07.877Z",
    "is_superuser": false,
    "username": "records1",
    "first_name": "",
    "last_name": "",
    "email": "records1@example.com",
    "is_staff": true,
    "is_active": true,
    "date_joined": "2026-01-15T10:01:30.692Z",
    "role": "records",
    "display_name": "Linda Records",
    "phone": "",
    "date_of_birth": null,
    "address": "",
    "must_change_password": false,
    "prefers_simple_language": true,
    "prefers_high_contrast": false,
    "speech_rate": 0.9,
    "totp_secret": "",
    "totp_enabled": false,
    "totp_activated_at": null,
    "groups": [],
    "user_permissions": []
  }
},
{
  "model": "users.user",
  "pk": 11,
  "fields": {
    "password": "pbkdf2_sha256$1000000$TtQb1Ae1xtHCA3Jl9nhYm8$X8O1/HwFcUqQKdUkzjVnzBHjDJUr7+KHdjnNBdZHke4=",
    "last_login": "2026-03-13T12:31:09.998Z",
    "is_superuser": false,
    "username": "admin1",
    "first_name": "",
    "last_name": "",
    "email": "admin1@example.com",
    "is_staff": true,
    "is_active": true,
    "date_joined": "2026-01-15T10:01:31.205Z",
    "role": "admin",
    "display_name": "Allan Admin",
    "phone": "",
    "date_of_birth": null,
    "address": "",
    "must_change_password": false,
    "prefers_simple_language": true,
    "prefers_high_contrast": false,
    "speech_rate": 0.9,
    "totp_secret": "",
    "totp_enabled": false,
    "totp_activated_at": null,
    "groups": [],
    "user_permissions": []
  }
},
{
  "model": "users.user",
  "pk": 12,
  "fields": {
    "password": "pbkdf2_sha256$1000000$RArgJtonRFPnNsyM66BTL3$48YLxkODTrP/VTLXoT2qgYjNc1wR4EOt8FEvdSfRaRA=",
    "last_login": null,
    "is_superuser": true,
    "username": "superadmin1",
    "first_name": "",
    "last_name": "",
    "email": "superadmin1@example.com",
    "is_staff": true,
    "is_active": true,
    "date_joined": "2026-01-15T10:01:31.740Z",
    "role": "superadmin",
    "display_name": "Sophia SuperAdmin",
    "phone": "",
    "date_of_birth": null,
    "address": "",
    "must_change_password": false,
    "prefers_simple_language": true,
    "prefers_high_contrast": false,
    "speech_rate": 0.9,
    "totp_secret": "",
    "totp_enabled": false,
    "totp_activated_at": null,
    "groups": [],
    "user_permissions": []
  }
},
{
  "model": "users.user",
  "pk": 13,
  "fields": {
    "password": "pbkdf2_sha256$1000000$oyfj4KuLNv7H7x9Zd9IrW9$rxNHsC/qkK6WVgo8UvqtC2CBrAlCFK6+HvhsBlDLrw0=",
    "last_login": null,
    "is_superuser": false,
    "username": "Suleiman",
    "first_name": "Suleiman",
    "last_name": "Bogonko",
    "email": "sule1@gmail.com",
    "is_staff": false,
    "is_active": true,
    "date_joined": "2026-01-15T11:35:17.122Z",
    "role": "student",
    "display_name": "Suleiman Bogonko",
    "phone": "",
    "date_of_birth": null,
    "address": "",
    "must_change_password": false,
    "prefers_simple_language": true,
    "prefers_high_contrast": false,
    "speech_rate": 0.9,
    "totp_secret": "",
    "totp_enabled": false,
    "totp_activated_at": null,
    "groups": [],
    "user_permissions": []
  }
},
{
  "model": "users.user",
  "pk": 14,
  "fields": {
    "password": "pbkdf2_sha256$1200000$PfkksIck1OBuV23X38TZVP$n76/LqV+KDt1iwSHYoSLCj7eI6ETJWl1mEzUAySNwOY=",
    "last_login": null,
    "is_superuser": false,
    "username": "Khadija",
    "first_name": "Khadija",
    "last_name": "Kamemba",
    "email": "mokamemba@gmail.com",
    "is_staff": false,
    "is_active": true,
    "date_joined": "2026-01-19T11:28:38.036Z",
    "role": "guest",
    "display_name": "Khadija Kamemba",
    "phone": "",
    "date_of_birth": "1984-02-15",
    "address": "36 Muiri Lane, Karen , Nairobi",
    "must_change_password": true,
    "prefers_simple_language": true,
    "prefers_high_contrast": false,
    "speech_rate": 0.9,
    "totp_secret": "",
    "totp_enabled": false,
    "totp_activated_at": null,
    "groups": [],
    "user_permissions": []
  }
},
{
  "model": "users.user",
  "pk": 15,
  "fields": {
    "password": "pbkdf2_sha256$1000000$HRVELRAYAJY8SBraVqYHA2$+N5g73kBpbpUjPn09v6z/+pQSpzKtmuXNTi/v5L8+n8=",
    "last_login": null,
    "is_superuser": false,
    "username": "Steven",
    "first_name": "Steven",
    "last_name": "Ogaro",
    "email": "stevenogaro@example.com",
    "is_staff": false,
    "is_active": true,
    "date_joined": "2026-03-12T09:30:50.347Z",
    "role": "student",
    "display_name": "Steven Ogaro",
    "phone": "",
    "date_of_birth": null,
    "address": "",
    "must_change_password": false,
    "prefers_simple_language": true,
    "prefers_high_contrast": false,
    "speech_rate": 0.9,
    "totp_secret": "",
    "totp_enabled": false,
    "totp_activated_at": null,
    "groups": [],
    "user_permissions": []
  }
},
{
  "model": "users.user",
  "pk": 16,
  "fields": {
    "password": "pbkdf2_sha256$1000000$9wyLlCKfTL02HV8JefxCiB$vEUPMVTj0Yz1Q49LXRpBEocyVQ621STTK4HCSVdioA8=",
    "last_login": null,
    "is_superuser": false,
    "username": "demo_guardian_ctt01_y1_1",
    "first_name": "",
    "last_name": "",
    "email": "demo_guardian_ctt01_y1_1@example.com",
    "is_staff": false,
    "is_active": true,
    "date_joined": "2026-03-12T09:30:50.860Z",
    "role": "parent",
    "display_name": "Demo Guardian CTT01 Year 1 #1",
    "phone": "",
    "date_of_birth": null,
    "address": "",
    "must_change_password": false,
    "prefers_simple_language": true,
    "prefers_high_contrast": false,
    "speech_rate": 0.9,
    "totp_secret": "",
    "totp_enabled": false,
    "totp_activated_at": null,
    "groups": [],
    "user_permissions": []
  }
},
{
  "model": "users.user",
  "pk": 17,
  "fields": {
    "password": "pbkdf2_sha256$1000000$FKLc3WAuPRCucBBwjB22Q3$bUASiwGeoyDzXzles93Q4POxr8Nb1zGQE3AOouwFcSE=",
    "last_login": null,
    "is_superuser": false,
    "username": "Dinah",
    "first_name": "Dinah",
    "last_name": "Mnavu",
    "email": "dinahmnavu@example.com",
    "is_staff": false,
    "is_active": true,
    "date_joined": "2026-03-12T09:30:51.350Z",
    "role": "student",
    "display_name": "Dinah Mnavu",
    "phone": "",
    "date_of_birth": null,
    "address": "",
    "must_change_password": false,
    "prefers_simple_language": true,
    "prefers_high_contrast": false,
    "speech_rate": 0.9,
    "totp_secret": "",
    "totp_enabled": false,
    "totp_activated_at": null,
    "groups": [],
    "user_permissions": []
  }
},
{
  "model": "users.user",
  "pk": 18,
  "fields": {
    "password": "pbkdf2_sha256$1000000$05i1pUgpgMqTkIHrHJZXmo$Xw6Nl0bpYzed3F79rDaeN9sWXwdtOcYQHFavNN9pDLc=",
    "last_login": null,
    "is_superuser": false,
    "username": "demo_guardian_ctt01_y1_2",
    "first_name": "",
    "last_name": "",
    "email": "demo_guardian_ctt01_y1_2@example.com",
    "is_staff": false,
    "is_active": true,
    "date_joined": "2026-03-12T09:30:51.936Z",
    "role": "parent",
    "display_name": "Demo Guardian CTT01 Year 1 #2",
    "phone": "",
    "date_of_birth": null,
    "address": "",
    "must_change_password": false,
    "prefers_simple_language": true,
    "prefers_high_contrast": false,
    "speech_rate": 0.9,
    "totp_secret": "",
    "totp_enabled": false,
    "totp_activated_at": null,
    "groups": [],
    "user_permissions": []
  }
},
{
  "model": "users.user",
  "pk": 19,
  "fields": {
    "password": "pbkdf2_sha256$1000000$wbTlRDeBK41AW14xxdoBHJ$1IKqeJD8jY74N+q9u9x0Ag8H2oxuXroWU0/qZxZV/W4=",
    "last_login": null,
    "is_superuser": false,
    "username": "Jason",
    "first_name": "Jason",
    "last_name": "Dom",
    "email": "jasondom@example.com",
    "is_staff": false,
    "is_active": true,
    "date_joined": "2026-03-12T09:30:52.421Z",
    "role": "student",
    "display_name": "Jason Dom",
    "phone": "",
    "date_of_birth": null,
    "address": "",
    "must_change_password": false,
    "prefers_simple_language": true,
    "prefers_high_contrast": false,
    "speech_rate": 0.9,
    "totp_secret": "",
    "totp_enabled": false,
    "totp_activated_at": null,
    "groups": [],
    "user_permissions": []
  }
},
{
  "model": "users.user",
  "pk": 20,
  "fields": {
    "password": "pbkdf2_sha256$1000000$2KySDmZvZCc1KELF4xhG2f$upmET8ZjefUF1sVmRMjG5mHqtIIifUIUJLIHkEEvhJ8=",
    "last_login": null,
    "is_superuser": false,
    "username": "demo_guardian_ctt01_y1_3",
    "first_name": "",
    "last_name": "",
    "email": "demo_guardian_ctt01_y1_3@example.com",
    "is_staff": false,
    "is_active": true,
    "date_joined": "2026-03-12T09:30:52.892Z",
    "role": "parent",
    "display_name": "Demo Guardian CTT01 Year 1 #3",
    "phone": "",
    "date_of_birth": null,
    "address": "",
    "must_change_password": false,
    "prefers_simple_language": true,
    "prefers_high_contrast": false,
    "speech_rate": 0.9,
    "totp_secret": "",
    "totp_enabled": false,
    "totp_activated_at": null,
    "groups": [],
    "user_permissions": []
  }
},
{
  "model": "users.user",
  "pk": 21,
  "fields": {
    "password": "pbkdf2_sha256$1000000$KtOo0uW2kagRjanRjgFDE4$G4NOZMBPWe656bVsjPref9YaQuWIuyRdcTaPGhTRoOg=",
    "last_login": null,
    "is_superuser": false,
    "username": "Sami",
    "first_name": "Sami",
    "last_name": "Sultan",
    "email": "samisultan@example.com",
    "is_staff": false,
    "is_active": true,
    "date_joined": "2026-03-12T09:30:53.366Z",
    "role": "student",
    "display_name": "Sami Sultan",
    "phone": "",
    "date_of_birth": null,
    "address": "",
    "must_change_password": false,
    "prefers_simple_language": true,
    "prefers_high_contrast": false,
    "speech_rate": 0.9,
    "totp_secret": "",
    "totp_enabled": false,
    "totp_activated_at": null,
    "groups": [],
    "user_permissions": []
  }
},
{
  "model": "users.user",
  "pk": 22,
  "fields": {
    "password": "pbkdf2_sha256$1000000$Vs03P2TDp3TY0iVi1lDGLx$daqsg44o7aysP+cIG4dhfa/xjZBoYMWEFh5J7n/gCp0=",
    "last_login": null,
    "is_superuser": false,
    "username": "demo_guardian_ctt01_y2_1",
    "first_name": "",
    "last_name": "",
    "email": "demo_guardian_ctt01_y2_1@example.com",
    "is_staff": false,
    "is_active": true,
    "date_joined": "2026-03-12T09:30:53.850Z",
    "role": "parent",
    "display_name": "Demo Guardian CTT01 Year 2 #1",
    "phone": "",
    "date_of_birth": null,
    "address": "",
    "must_change_password": false,
    "prefers_simple_language": true,
    "prefers_high_contrast": false,
    "speech_rate": 0.9,
    "totp_secret": "",
    "totp_enabled": false,
    "totp_activated_at": null,
    "groups": [],
    "user_permissions": []
  }
},
{
  "model": "users.user",
  "pk": 23,
  "fields": {
    "password": "pbkdf2_sha256$1000000$RT3jD5VCw28xRcCnJ54GG7$NjGk9mur8CvyFXKynxKUa196H1Ce+j/E2cXedNgjyv8=",
    "last_login": null,
    "is_superuser": false,
    "username": "Neema",
    "first_name": "Neema",
    "last_name": "Cheruto",
    "email": "neemacheruto@example.com",
    "is_staff": false,
    "is_active": true,
    "date_joined": "2026-03-12T09:30:54.332Z",
    "role": "student",
    "display_name": "Neema Cheruto",
    "phone": "",
    "date_of_birth": null,
    "address": "",
    "must_change_password": false,
    "prefers_simple_language": true,
    "prefers_high_contrast": false,
    "speech_rate": 0.9,
    "totp_secret": "",
    "totp_enabled": false,
    "totp_activated_at": null,
    "groups": [],
    "user_permissions": []
  }
},
{
  "model": "users.user",
  "pk": 24,
  "fields": {
    "password": "pbkdf2_sha256$1000000$TtLT8pyNNn5YH3BGsNBmAH$PV6f7qLSEHZUYdvCT7eoM0sTI3TkAAlKuEOc27OEdGY=",
    "last_login": null,
    "is_superuser": false,
    "username": "demo_guardian_ctt01_y2_2",
    "first_name": "",
    "last_name": "",
    "email": "demo_guardian_ctt01_y2_2@example.com",
    "is_staff": false,
    "is_active": true,
    "date_joined": "2026-03-12T09:30:54.811Z",
    "role": "parent",
    "display_name": "Demo Guardian CTT01 Year 2 #2",
    "phone": "",
    "date_of_birth": null,
    "address": "",
    "must_change_password": false,
    "prefers_simple_language": true,
    "prefers_high_contrast": false,
    "speech_rate": 0.9,
    "totp_secret": "",
    "totp_enabled": false,
    "totp_activated_at": null,
    "groups": [],
    "user_permissions": []
  }
},
{
  "model": "users.user",
  "pk": 25,
  "fields": {
    "password": "pbkdf2_sha256$1000000$zXxhvgPS28XUgqlRnhAiUx$/mf7IOaGeLDw0RvBBq10rycHGkLXCoHAKg9ADWsnOjA=",
    "last_login": null,
    "is_superuser": false,
    "username": "Noel",
    "first_name": "Noel",
    "last_name": "Kiplagat",
    "email": "noelkiplagat@example.com",
    "is_staff": false,
    "is_active": true,
    "date_joined": "2026-03-12T09:30:55.299Z",
    "role": "student",
    "display_name": "Noel Kiplagat",
    "phone": "",
    "date_of_birth": null,
    "address": "",
    "must_change_password": false,
    "prefers_simple_language": true,
    "prefers_high_contrast": false,
    "speech_rate": 0.9,
    "totp_secret": "",
    "totp_enabled": false,
    "totp_activated_at": null,
    "groups": [],
    "user_permissions": []
  }
},
{
  "model": "users.user",
  "pk": 26,
  "fields": {
    "password": "pbkdf2_sha256$1000000$nPqr6GhfCt2RtYnzZTS8fr$kBWExSx2SjXdU/tDnUO3ilG42xzyWNLXgDyIQhiL27g=",
    "last_login": null,
    "is_superuser": false,
    "username": "demo_guardian_ctt01_y2_3",
    "first_name": "",
    "last_name": "",
    "email": "demo_guardian_ctt01_y2_3@example.com",
    "is_staff": false,
    "is_active": true,
    "date_joined": "2026-03-12T09:30:55.781Z",
    "role": "parent",
    "display_name": "Demo Guardian CTT01 Year 2 #3",
    "phone": "",
    "date_of_birth": null,
    "address": "",
    "must_change_password": false,
    "prefers_simple_language": true,
    "prefers_high_contrast": false,
    "speech_rate": 0.9,
    "totp_secret": "",
    "totp_enabled": false,
    "totp_activated_at": null,
    "groups": [],
    "user_permissions": []
  }
},
{
  "model": "users.user",
  "pk": 27,
  "fields": {
    "password": "pbkdf2_sha256$1000000$vGVZXix1JBe5n1jXSFZ2sl$g7vRcrSojzwHMSZ/GkP/0pAQabMznFtClhoBLPZWVYI=",
    "last_login": null,
    "is_superuser": false,
    "username": "Zuena",
    "first_name": "Zuena",
    "last_name": "Halima",
    "email": "zuenahalima@example.com",
    "is_staff": false,
    "is_active": true,
    "date_joined": "2026-03-12T09:30:56.262Z",
    "role": "student",
    "display_name": "Zuena Halima",
    "phone": "",
    "date_of_birth": null,
    "address": "",
    "must_change_password": false,
    "prefers_simple_language": true,
    "prefers_high_contrast": false,
    "speech_rate": 0.9,
    "totp_secret": "",
    "totp_enabled": false,
    "totp_activated_at": null,
    "groups": [],
    "user_permissions": []
  }
},
{
  "model": "users.user",
  "pk": 28,
  "fields": {
    "password": "pbkdf2_sha256$1000000$qchF5gOQKF3ETE6glXS1gK$S24n8ohLINBE6U1wvR0PIKyAvpOOOcNoyTKBJ8A1XXk=",
    "last_login": null,
    "is_superuser": false,
    "username": "demo_guardian_dtm_y1_1",
    "first_name": "",
    "last_name": "",
    "email": "demo_guardian_dtm_y1_1@example.com",
    "is_staff": false,
    "is_active": true,
    "date_joined": "2026-03-12T09:30:56.730Z",
    "role": "parent",
    "display_name": "Demo Guardian DTM Year 1 #1",
    "phone": "",
    "date_of_birth": null,
    "address": "",
    "must_change_password": false,
    "prefers_simple_language": true,
    "prefers_high_contrast": false,
    "speech_rate": 0.9,
    "totp_secret": "",
    "totp_enabled": false,
    "totp_activated_at": null,
    "groups": [],
    "user_permissions": []
  }
},
{
  "model": "users.user",
  "pk": 29,
  "fields": {
    "password": "pbkdf2_sha256$1000000$FcR1pUzZd3OxqovTHDMV6w$2Xf9fJ16LJleMW/8rQWMCQSqlIbA4rfPrp9qnudJauw=",
    "last_login": null,
    "is_superuser": false,
    "username": "Lee",
    "first_name": "Lee",
    "last_name": "Kurgat",
    "email": "leekurgat@example.com",
    "is_staff": false,
    "is_active": true,
    "date_joined": "2026-03-12T09:30:57.203Z",
    "role": "student",
    "display_name": "Lee Kurgat",
    "phone": "",
    "date_of_birth": null,
    "address": "",
    "must_change_password": false,
    "prefers_simple_language": true,
    "prefers_high_contrast": false,
    "speech_rate": 0.9,
    "totp_secret": "",
    "totp_enabled": false,
    "totp_activated_at": null,
    "groups": [],
    "user_permissions": []
  }
},
{
  "model": "users.user",
  "pk": 30,
  "fields": {
    "password": "pbkdf2_sha256$1000000$HPxNlND9TrkRuHNE1TY1Tv$srL8/uJmJvgH1t+z9eCKwLAT3NUXBrKnev9djXX7u5k=",
    "last_login": null,
    "is_superuser": false,
    "username": "demo_guardian_dtm_y1_2",
    "first_name": "",
    "last_name": "",
    "email": "demo_guardian_dtm_y1_2@example.com",
    "is_staff": false,
    "is_active": true,
    "date_joined": "2026-03-12T09:30:57.675Z",
    "role": "parent",
    "display_name": "Demo Guardian DTM Year 1 #2",
    "phone": "",
    "date_of_birth": null,
    "address": "",
    "must_change_password": false,
    "prefers_simple_language": true,
    "prefers_high_contrast": false,
    "speech_rate": 0.9,
    "totp_secret": "",
    "totp_enabled": false,
    "totp_activated_at": null,
    "groups": [],
    "user_permissions": []
  }
},
{
  "model": "users.user",
  "pk": 31,
  "fields": {
    "password": "pbkdf2_sha256$1000000$dVurfsfwwxgmQfKfb6H9v4$et8z0NzLfixS3TmH35Rtr3WhYqyZgnMw15z6aX7b6sI=",
    "last_login": null,
    "is_superuser": false,
    "username": "Michael",
    "first_name": "Michael",
    "last_name": "John",
    "email": "michaeljohn@example.com",
    "is_staff": false,
    "is_active": true,
    "date_joined": "2026-03-12T09:30:58.141Z",
    "role": "student",
    "display_name": "Michael John",
    "phone": "",
    "date_of_birth": null,
    "address": "",
    "must_change_password": false,
    "prefers_simple_language": true,
    "prefers_high_contrast": false,
    "speech_rate": 0.9,
    "totp_secret": "",
    "totp_enabled": false,
    "totp_activated_at": null,
    "groups": [],
    "user_permissions": []
  }
},
{
  "model": "users.user",
  "pk": 32,
  "fields": {
    "password": "pbkdf2_sha256$1000000$ftp0BhjxLw1yd3bQaUObCh$pTUoFNxAaWBKI57eNDwSE94qWRvU67mK01pOMI209nY=",
    "last_login": null,
    "is_superuser": false,
    "username": "demo_guardian_dtm_y1_3",
    "first_name": "",
    "last_name": "",
    "email": "demo_guardian_dtm_y1_3@example.com",
    "is_staff": false,
    "is_active": true,
    "date_joined": "2026-03-12T09:30:58.630Z",
    "role": "parent",
    "display_name": "Demo Guardian DTM Year 1 #3",
    "phone": "",
    "date_of_birth": null,
    "address": "",
    "must_change_password": false,
    "prefers_simple_language": true,
    "prefers_high_contrast": false,
    "speech_rate": 0.9,
    "totp_secret": "",
    "totp_enabled": false,
    "totp_activated_at": null,
    "groups": [],
    "user_permissions": []
  }
},
{
  "model": "users.user",
  "pk": 33,
  "fields": {
    "password": "pbkdf2_sha256$1000000$ick0cM9Vwg4ku96XJPkmNh$w/nU6088XQRKu4oi77N/BzTd0badbd2rO1m0LIIJpTM=",
    "last_login": null,
    "is_superuser": false,
    "username": "Daud",
    "first_name": "Daud",
    "last_name": "Openda",
    "email": "daudopenda@example.com",
    "is_staff": false,
    "is_active": true,
    "date_joined": "2026-03-12T09:30:59.096Z",
    "role": "student",
    "display_name": "Daud Openda",
    "phone": "",
    "date_of_birth": null,
    "address": "",
    "must_change_password": false,
    "prefers_simple_language": true,
    "prefers_high_contrast": false,
    "speech_rate": 0.9,
    "totp_secret": "",
    "totp_enabled": false,
    "totp_activated_at": null,
    "groups": [],
    "user_permissions": []
  }
},
{
  "model": "users.user",
  "pk": 34,
  "fields": {
    "password": "pbkdf2_sha256$1000000$pYEBHdmugYmKe0vWWtRkSq$nYVP3Gl/hzbGa+uoZxyj33W/5VcwLqYynzpS9JJrrFg=",
    "last_login": null,
    "is_superuser": false,
    "username": "demo_guardian_dtm_y2_1",
    "first_name": "",
    "last_name": "",
    "email": "demo_guardian_dtm_y2_1@example.com",
    "is_staff": false,
    "is_active": true,
    "date_joined": "2026-03-12T09:30:59.570Z",
    "role": "parent",
    "display_name": "Demo Guardian DTM Year 2 #1",
    "phone": "",
    "date_of_birth": null,
    "address": "",
    "must_change_password": false,
    "prefers_simple_language": true,
    "prefers_high_contrast": false,
    "speech_rate": 0.9,
    "totp_secret": "",
    "totp_enabled": false,
    "totp_activated_at": null,
    "groups": [],
    "user_permissions": []
  }
},
{
  "model": "users.user",
  "pk": 35,
  "fields": {
    "password": "pbkdf2_sha256$1000000$yMbEQHA9e8J91EFVhsv9T6$Gh+Dt35oMzcQIt8r3HcUroQUgBGYcXnFqusC9N+cpiw=",
    "last_login": null,
    "is_superuser": false,
    "username": "Jibril",
    "first_name": "Jibril Mohamed",
    "last_name": "",
    "email": "jibrilmohamed@example.com",
    "is_staff": false,
    "is_active": true,
    "date_joined": "2026-03-12T09:31:00.053Z",
    "role": "student",
    "display_name": "Jibril Mohamed",
    "phone": "",
    "date_of_birth": null,
    "address": "",
    "must_change_password": false,
    "prefers_simple_language": true,
    "prefers_high_contrast": false,
    "speech_rate": 0.9,
    "totp_secret": "",
    "totp_enabled": false,
    "totp_activated_at": null,
    "groups": [],
    "user_permissions": []
  }
},
{
  "model": "users.user",
  "pk": 36,
  "fields": {
    "password": "pbkdf2_sha256$1000000$857THwR19qiS7QD7JxAaWl$A1saTlZxpmyjNosmNA+aX6O0qmCmu/YkMe8Krpn1Cks=",
    "last_login": null,
    "is_superuser": false,
    "username": "demo_guardian_dtm_y2_2",
    "first_name": "",
    "last_name": "",
    "email": "demo_guardian_dtm_y2_2@example.com",
    "is_staff": false,
    "is_active": true,
    "date_joined": "2026-03-12T09:31:00.529Z",
    "role": "parent",
    "display_name": "Demo Guardian DTM Year 2 #2",
    "phone": "",
    "date_of_birth": null,
    "address": "",
    "must_change_password": false,
    "prefers_simple_language": true,
    "prefers_high_contrast": false,
    "speech_rate": 0.9,
    "totp_secret": "",
    "totp_enabled": false,
    "totp_activated_at": null,
    "groups": [],
    "user_permissions": []
  }
},
{
  "model": "users.user",
  "pk": 37,
  "fields": {
    "password": "pbkdf2_sha256$1000000$jUsh2I40EIaY976rarsiwk$4DfX62hOhsSyTQip13kk9lNAZEDvL6ds6KSRlogXL/o=",
    "last_login": null,
    "is_superuser": false,
    "username": "Rene",
    "first_name": "Rene",
    "last_name": "Bosire",
    "email": "renebosire@example.com",
    "is_staff": false,
    "is_active": true,
    "date_joined": "2026-03-12T09:31:01.007Z",
    "role": "student",
    "display_name": "Rene Bosire",
    "phone": "",
    "date_of_birth": null,
    "address": "",
    "must_change_password": false,
    "prefers_simple_language": true,
    "prefers_high_contrast": false,
    "speech_rate": 0.9,
    "totp_secret": "",
    "totp_enabled": false,
    "totp_activated_at": null,
    "groups": [],
    "user_permissions": []
  }
},
{
  "model": "users.user",
  "pk": 38,
  "fields": {
    "password": "pbkdf2_sha256$1000000$EstMG0yuJyTa93PM3iBnzI$/mLaYnr6GUqAN4mGoQUKvC6xeOTwplZPKxFtKQSP/9Y=",
    "last_login": null,
    "is_superuser": false,
    "username": "demo_guardian_dtm_y2_3",
    "first_name": "",
    "last_name": "",
    "email": "demo_guardian_dtm_y2_3@example.com",
    "is_staff": false,
    "is_active": true,
    "date_joined": "2026-03-12T09:31:01.478Z",
    "role": "parent",
    "display_name": "Demo Guardian DTM Year 2 #3",
    "phone": "",
    "date_of_birth": null,
    "address": "",
    "must_change_password": false,
    "prefers_simple_language": true,
    "prefers_high_contrast": false,
    "speech_rate": 0.9,
    "totp_secret": "",
    "totp_enabled": false,
    "totp_activated_at": null,
    "groups": [],
    "user_permissions": []
  }
},
{
  "model": "users.user",
  "pk": 39,
  "fields": {
    "password": "pbkdf2_sha256$1000000$Z8f3r1O46A267ZIVsJuUhG$UT2gB4fvpxfD/GyV4LOn4/PZyX+zNU7j+kzLNdr1kZw=",
    "last_login": null,
    "is_superuser": false,
    "username": "Salma",
    "first_name": "",
    "last_name": "",
    "email": "demo_ttm101_y1_1@example.com",
    "is_staff": false,
    "is_active": true,
    "date_joined": "2026-03-12T09:31:01.960Z",
    "role": "student",
    "display_name": "Salma",
    "phone": "",
    "date_of_birth": null,
    "address": "",
    "must_change_password": false,
    "prefers_simple_language": true,
    "prefers_high_contrast": false,
    "speech_rate": 0.9,
    "totp_secret": "",
    "totp_enabled": false,
    "totp_activated_at": null,
    "groups": [],
    "user_permissions": []
  }
},
{
  "model": "users.user",
  "pk": 40,
  "fields": {
    "password": "pbkdf2_sha256$1000000$k9aMmoxOzJbJaUNpyNHc1H$BmyoRmXixM+LgMSsy5MOOhJIA6jFkgv7NUfyimnW9Go=",
    "last_login": null,
    "is_superuser": false,
    "username": "demo_guardian_ttm101_y1_1",
    "first_name": "",
    "last_name": "",
    "email": "demo_guardian_ttm101_y1_1@example.com",
    "is_staff": false,
    "is_active": true,
    "date_joined": "2026-03-12T09:31:02.429Z",
    "role": "parent",
    "display_name": "Demo Guardian TTM101 Year 1 #1",
    "phone": "",
    "date_of_birth": null,
    "address": "",
    "must_change_password": false,
    "prefers_simple_language": true,
    "prefers_high_contrast": false,
    "speech_rate": 0.9,
    "totp_secret": "",
    "totp_enabled": false,
    "totp_activated_at": null,
    "groups": [],
    "user_permissions": []
  }
},
{
  "model": "users.user",
  "pk": 41,
  "fields": {
    "password": "pbkdf2_sha256$1000000$RdHkmHgJmERmHZWRvA0cIv$o+Sx3YBoXdazgNZ4Fy1JzfHZV4+IKs3rp4dsvL2zd5g=",
    "last_login": null,
    "is_superuser": false,
    "username": "Farhan",
    "first_name": "",
    "last_name": "",
    "email": "demo_ttm101_y1_2@example.com",
    "is_staff": false,
    "is_active": true,
    "date_joined": "2026-03-12T09:31:02.904Z",
    "role": "student",
    "display_name": "Farhan",
    "phone": "",
    "date_of_birth": null,
    "address": "",
    "must_change_password": false,
    "prefers_simple_language": true,
    "prefers_high_contrast": false,
    "speech_rate": 0.9,
    "totp_secret": "",
    "totp_enabled": false,
    "totp_activated_at": null,
    "groups": [],
    "user_permissions": []
  }
},
{
  "model": "users.user",
  "pk": 42,
  "fields": {
    "password": "pbkdf2_sha256$1000000$ZQbhF0fD1COEje7eXVz570$YjLdz2WHE3vrXWLDpnNzimSi90q+63ZE3J3PptYzis4=",
    "last_login": null,
    "is_superuser": false,
    "username": "demo_guardian_ttm101_y1_2",
    "first_name": "",
    "last_name": "",
    "email": "demo_guardian_ttm101_y1_2@example.com",
    "is_staff": false,
    "is_active": true,
    "date_joined": "2026-03-12T09:31:03.381Z",
    "role": "parent",
    "display_name": "Demo Guardian TTM101 Year 1 #2",
    "phone": "",
    "date_of_birth": null,
    "address": "",
    "must_change_password": false,
    "prefers_simple_language": true,
    "prefers_high_contrast": false,
    "speech_rate": 0.9,
    "totp_secret": "",
    "totp_enabled": false,
    "totp_activated_at": null,
    "groups": [],
    "user_permissions": []
  }
},
{
  "model": "users.user",
  "pk": 43,
  "fields": {
    "password": "pbkdf2_sha256$1000000$tkGVXkuHJb0phJYR6mY33G$zpaOR+7FEI55mGP25d7K1JjGxtPpjRkfjdW1SehRMXE=",
    "last_login": null,
    "is_superuser": false,
    "username": "Omar",
    "first_name": "",
    "last_name": "",
    "email": "demo_ttm101_y1_3@example.com",
    "is_staff": false,
    "is_active": true,
    "date_joined": "2026-03-12T09:31:03.847Z",
    "role": "student",
    "display_name": "Omar",
    "phone": "",
    "date_of_birth": null,
    "address": "",
    "must_change_password": false,
    "prefers_simple_language": true,
    "prefers_high_contrast": false,
    "speech_rate": 0.9,
    "totp_secret": "",
    "totp_enabled": false,
    "totp_activated_at": null,
    "groups": [],
    "user_permissions": []
  }
},
{
  "model": "users.user",
  "pk": 44,
  "fields": {
    "password": "pbkdf2_sha256$1000000$DeYuz7VbLuX5LDEW7e1F6g$Zc70YYkMG0U9kk816NHxb+Y4XLA6ZpdX0++qI8nYHIU=",
    "last_login": null,
    "is_superuser": false,
    "username": "demo_guardian_ttm101_y1_3",
    "first_name": "",
    "last_name": "",
    "email": "demo_guardian_ttm101_y1_3@example.com",
    "is_staff": false,
    "is_active": true,
    "date_joined": "2026-03-12T09:31:04.323Z",
    "role": "parent",
    "display_name": "Demo Guardian TTM101 Year 1 #3",
    "phone": "",
    "date_of_birth": null,
    "address": "",
    "must_change_password": false,
    "prefers_simple_language": true,
    "prefers_high_contrast": false,
    "speech_rate": 0.9,
    "totp_secret": "",
    "totp_enabled": false,
    "totp_activated_at": null,
    "groups": [],
    "user_permissions": []
  }
},
{
  "model": "users.student",
  "pk": 5,
  "fields": {
    "created_at": "2025-11-19T11:28:50.104Z",
    "updated_at": "2026-03-11T21:19:08.607Z",
    "programme": 1,
    "year": 1,
    "trimester": 1,
    "trimester_label": "Year 1, Trimester 1",
    "admission_date": "2026-01-15",
    "current_status": "active",
    "stars": 0
  }
},
{
  "model": "users.student",
  "pk": 13,
  "fields": {
    "created_at": "2026-01-15T11:56:35.453Z",
    "updated_at": "2026-03-19T08:29:27.920Z",
    "programme": 3,
    "year": 1,
    "trimester": 1,
    "trimester_label": "Year 1, Trimester 1",
    "admission_date": "2026-01-15",
    "current_status": "finance_ok",
    "stars": 0
  }
},
{
  "model": "users.student",
  "pk": 15,
  "fields": {
    "created_at": "2026-03-12T09:30:50.828Z",
    "updated_at": "2026-03-19T07:40:08.594Z",
    "programme": 3,
    "year": 1,
    "trimester": 1,
    "trimester_label": "Year 1, Trimester 1",
    "admission_date": "2026-03-12",
    "current_status": "active",
    "stars": 0
  }
},
{
  "model": "users.student",
  "pk": 17,
  "fields": {
    "created_at": "2026-03-12T09:30:51.933Z",
    "updated_at": "2026-03-12T09:30:51.933Z",
    "programme": 3,
    "year": 1,
    "trimester": 1,
    "trimester_label": "Year 1, Trimester 1",
    "admission_date": "2026-03-12",
    "current_status": "active",
    "stars": 0
  }
},
{
  "model": "users.student",
  "pk": 19,
  "fields": {
    "created_at": "2026-03-12T09:30:52.890Z",
    "updated_at": "2026-03-12T09:30:52.891Z",
    "programme": 3,
    "year": 1,
    "trimester": 1,
    "trimester_label": "Year 1, Trimester 1",
    "admission_date": "2026-03-12",
    "current_status": "active",
    "stars": 0
  }
},
{
  "model": "users.student",
  "pk": 21,
  "fields": {
    "created_at": "2026-03-12T09:30:53.849Z",
    "updated_at": "2026-03-12T09:30:53.849Z",
    "programme": 3,
    "year": 2,
    "trimester": 1,
    "trimester_label": "Year 2, Trimester 1",
    "admission_date": "2026-03-12",
    "current_status": "active",
    "stars": 0
  }
},
{
  "model": "users.student",
  "pk": 23,
  "fields": {
    "created_at": "2026-03-12T09:30:54.809Z",
    "updated_at": "2026-03-12T09:30:54.809Z",
    "programme": 3,
    "year": 2,
    "trimester": 1,
    "trimester_label": "Year 2, Trimester 1",
    "admission_date": "2026-03-12",
    "current_status": "active",
    "stars": 0
  }
},
{
  "model": "users.student",
  "pk": 25,
  "fields": {
    "created_at": "2026-03-12T09:30:55.780Z",
    "updated_at": "2026-03-12T09:30:55.780Z",
    "programme": 3,
    "year": 2,
    "trimester": 1,
    "trimester_label": "Year 2, Trimester 1",
    "admission_date": "2026-03-12",
    "current_status": "active",
    "stars": 0
  }
},
{
  "model": "users.student",
  "pk": 27,
  "fields": {
    "created_at": "2026-03-12T09:30:56.729Z",
    "updated_at": "2026-03-12T09:30:56.729Z",
    "programme": 1,
    "year": 1,
    "trimester": 1,
    "trimester_label": "Year 1, Trimester 1",
    "admission_date": "2026-03-12",
    "current_status": "active",
    "stars": 0
  }
},
{
  "model": "users.student",
  "pk": 29,
  "fields": {
    "created_at": "2026-03-12T09:30:57.674Z",
    "updated_at": "2026-03-12T09:30:57.674Z",
    "programme": 1,
    "year": 1,
    "trimester": 1,
    "trimester_label": "Year 1, Trimester 1",
    "admission_date": "2026-03-12",
    "current_status": "active",
    "stars": 0
  }
},
{
  "model": "users.student",
  "pk": 31,
  "fields": {
    "created_at": "2026-03-12T09:30:58.628Z",
    "updated_at": "2026-03-12T09:30:58.628Z",
    "programme": 1,
    "year": 1,
    "trimester": 1,
    "trimester_label": "Year 1, Trimester 1",
    "admission_date": "2026-03-12",
    "current_status": "active",
    "stars": 0
  }
},
{
  "model": "users.student",
  "pk": 33,
  "fields": {
    "created_at": "2026-03-12T09:30:59.567Z",
    "updated_at": "2026-03-12T09:30:59.567Z",
    "programme": 1,
    "year": 2,
    "trimester": 1,
    "trimester_label": "Year 2, Trimester 1",
    "admission_date": "2026-03-12",
    "current_status": "active",
    "stars": 0
  }
},
{
  "model": "users.student",
  "pk": 35,
  "fields": {
    "created_at": "2026-03-12T09:31:00.527Z",
    "updated_at": "2026-03-12T09:31:00.527Z",
    "programme": 1,
    "year": 2,
    "trimester": 1,
    "trimester_label": "Year 2, Trimester 1",
    "admission_date": "2026-03-12",
    "current_status": "active",
    "stars": 0
  }
},
{
  "model": "users.student",
  "pk": 37,
  "fields": {
    "created_at": "2026-03-12T09:31:01.477Z",
    "updated_at": "2026-03-12T09:31:01.477Z",
    "programme": 1,
    "year": 2,
    "trimester": 1,
    "trimester_label": "Year 2, Trimester 1",
    "admission_date": "2026-03-12",
    "current_status": "active",
    "stars": 0
  }
},
{
  "model": "users.student",
  "pk": 39,
  "fields": {
    "created_at": "2026-03-12T09:31:02.427Z",
    "updated_at": "2026-03-12T09:31:02.427Z",
    "programme": 2,
    "year": 1,
    "trimester": 1,
    "trimester_label": "Year 1, Trimester 1",
    "admission_date": "2026-03-12",
    "current_status": "finance_ok",
    "stars": 0
  }
},
{
  "model": "users.student",
  "pk": 41,
  "fields": {
    "created_at": "2026-03-12T09:31:03.380Z",
    "updated_at": "2026-03-12T09:31:03.380Z",
    "programme": 2,
    "year": 1,
    "trimester": 1,
    "trimester_label": "Year 1, Trimester 1",
    "admission_date": "2026-03-12",
    "current_status": "blocked",
    "stars": 0
  }
},
{
  "model": "users.student",
  "pk": 43,
  "fields": {
    "created_at": "2026-03-12T09:31:04.321Z",
    "updated_at": "2026-03-12T09:31:04.321Z",
    "programme": 2,
    "year": 1,
    "trimester": 1,
    "trimester_label": "Year 1, Trimester 1",
    "admission_date": "2026-03-12",
    "current_status": "finance_ok",
    "stars": 0
  }
},
{
  "model": "users.guardian",
  "pk": 6,
  "fields": {
    "created_at": "2025-11-19T11:28:50.772Z",
    "updated_at": "2025-11-19T11:28:50.772Z"
  }
},
{
  "model": "users.guardian",
  "pk": 14,
  "fields": {
    "created_at": "2026-01-19T11:28:43.005Z",
    "updated_at": "2026-01-19T11:28:43.005Z"
  }
},
{
  "model": "users.guardian",
  "pk": 16,
  "fields": {
    "created_at": "2026-03-12T09:30:51.346Z",
    "updated_at": "2026-03-12T09:30:51.346Z"
  }
},
{
  "model": "users.guardian",
  "pk": 18,
  "fields": {
    "created_at": "2026-03-12T09:30:52.416Z",
    "updated_at": "2026-03-12T09:30:52.416Z"
  }
},
{
  "model": "users.guardian",
  "pk": 20,
  "fields": {
    "created_at": "2026-03-12T09:30:53.363Z",
    "updated_at": "2026-03-12T09:30:53.363Z"
  }
},
{
  "model": "users.guardian",
  "pk": 22,
  "fields": {
    "created_at": "2026-03-12T09:30:54.329Z",
    "updated_at": "2026-03-12T09:30:54.329Z"
  }
},
{
  "model": "users.guardian",
  "pk": 24,
  "fields": {
    "created_at": "2026-03-12T09:30:55.296Z",
    "updated_at": "2026-03-12T09:30:55.296Z"
  }
},
{
  "model": "users.guardian",
  "pk": 26,
  "fields": {
    "created_at": "2026-03-12T09:30:56.259Z",
    "updated_at": "2026-03-12T09:30:56.259Z"
  }
},
{
  "model": "users.guardian",
  "pk": 28,
  "fields": {
    "created_at": "2026-03-12T09:30:57.199Z",
    "updated_at": "2026-03-12T09:30:57.199Z"
  }
},
{
  "model": "users.guardian",
  "pk": 30,
  "fields": {
    "created_at": "2026-03-12T09:30:58.138Z",
    "updated_at": "2026-03-12T09:30:58.138Z"
  }
},
{
  "model": "users.guardian",
  "pk": 32,
  "fields": {
    "created_at": "2026-03-12T09:30:59.093Z",
    "updated_at": "2026-03-12T09:30:59.093Z"
  }
},
{
  "model": "users.guardian",
  "pk": 34,
  "fields": {
    "created_at": "2026-03-12T09:31:00.049Z",
    "updated_at": "2026-03-12T09:31:00.049Z"
  }
},
{
  "model": "users.guardian",
  "pk": 36,
  "fields": {
    "created_at": "2026-03-12T09:31:01.000Z",
    "updated_at": "2026-03-12T09:31:01.000Z"
  }
},
{
  "model": "users.guardian",
  "pk": 38,
  "fields": {
    "created_at": "2026-03-12T09:31:01.954Z",
    "updated_at": "2026-03-12T09:31:01.954Z"
  }
},
{
  "model": "users.guardian",
  "pk": 40,
  "fields": {
    "created_at": "2026-03-12T09:31:02.899Z",
    "updated_at": "2026-03-12T09:31:02.899Z"
  }
},
{
  "model": "users.guardian",
  "pk": 42,
  "fields": {
    "created_at": "2026-03-12T09:31:03.844Z",
    "updated_at": "2026-03-12T09:31:03.844Z"
  }
},
{
  "model": "users.guardian",
  "pk": 44,
  "fields": {
    "created_at": "2026-03-12T09:31:04.794Z",
    "updated_at": "2026-03-12T09:31:04.794Z"
  }
},
{
  "model": "users.lecturer",
  "pk": 3,
  "fields": {
    "created_at": "2025-11-19T11:28:48.751Z",
    "updated_at": "2025-11-19T11:28:48.751Z",
    "department": 1
  }
},
{
  "model": "users.lecturer",
  "pk": 4,
  "fields": {
    "created_at": "2025-11-19T11:28:49.428Z",
    "updated_at": "2025-11-19T11:28:49.428Z",
    "department": 1
  }
},
{
  "model": "users.hod",
  "pk": 2,
  "fields": {
    "created_at": "2025-11-19T11:28:48.080Z",
    "updated_at": "2025-11-19T11:28:48.080Z",
    "department": 1
  }
},
{
  "model": "users.hod",
  "pk": 8,
  "fields": {
    "created_at": "2026-01-15T10:01:30.161Z",
    "updated_at": "2026-01-15T10:01:30.161Z",
    "department": null
  }
},
{
  "model": "users.admin",
  "pk": 11,
  "fields": {
    "created_at": "2026-01-15T10:01:31.736Z",
    "updated_at": "2026-01-15T10:01:31.736Z"
  }
},
{
  "model": "users.recordsofficer",
  "pk": 10,
  "fields": {
    "created_at": "2026-01-15T10:01:31.200Z",
    "updated_at": "2026-01-15T10:01:31.200Z"
  }
},
{
  "model": "users.financeofficer",
  "pk": 9,
  "fields": {
    "created_at": "2026-01-15T10:01:30.687Z",
    "updated_at": "2026-01-15T10:01:30.688Z"
  }
},
{
  "model": "users.parentstudentlink",
  "pk": 1,
  "fields": {
    "created_at": "2026-01-19T11:32:04.194Z",
    "updated_at": "2026-01-19T11:32:04.194Z",
    "parent": 14,
    "student": 13,
    "relationship": "Mother"
  }
},
{
  "model": "users.parentstudentlink",
  "pk": 2,
  "fields": {
    "created_at": "2026-03-12T09:30:51.348Z",
    "updated_at": "2026-03-12T09:30:51.348Z",
    "parent": 16,
    "student": 15,
    "relationship": "Guardian"
  }
},
{
  "model": "users.parentstudentlink",
  "pk": 3,
  "fields": {
    "created_at": "2026-03-12T09:30:52.417Z",
    "updated_at": "2026-03-12T09:30:52.417Z",
    "parent": 18,
    "student": 17,
    "relationship": "Guardian"
  }
},
{
  "model": "users.parentstudentlink",
  "pk": 4,
  "fields": {
    "created_at": "2026-03-12T09:30:53.364Z",
    "updated_at": "2026-03-12T09:30:53.364Z",
    "parent": 20,
    "student": 19,
    "relationship": "Guardian"
  }
},
{
  "model": "users.parentstudentlink",
  "pk": 5,
  "fields": {
    "created_at": "2026-03-12T09:30:54.330Z",
    "updated_at": "2026-03-12T09:30:54.330Z",
    "parent": 22,
    "student": 21,
    "relationship": "Guardian"
  }
},
{
  "model": "users.parentstudentlink",
  "pk": 6,
  "fields": {
    "created_at": "2026-03-12T09:30:55.298Z",
    "updated_at": "2026-03-12T09:30:55.298Z",
    "parent": 24,
    "student": 23,
    "relationship": "Guardian"
  }
},
{
  "model": "users.parentstudentlink",
  "pk": 7,
  "fields": {
    "created_at": "2026-03-12T09:30:56.260Z",
    "updated_at": "2026-03-12T09:30:56.260Z",
    "parent": 26,
    "student": 25,
    "relationship": "Guardian"
  }
},
{
  "model": "users.parentstudentlink",
  "pk": 8,
  "fields": {
    "created_at": "2026-03-12T09:30:57.200Z",
    "updated_at": "2026-03-12T09:30:57.200Z",
    "parent": 28,
    "student": 27,
    "relationship": "Guardian"
  }
},
{
  "model": "users.parentstudentlink",
  "pk": 9,
  "fields": {
    "created_at": "2026-03-12T09:30:58.140Z",
    "updated_at": "2026-03-12T09:30:58.140Z",
    "parent": 30,
    "student": 29,
    "relationship": "Guardian"
  }
},
{
  "model": "users.parentstudentlink",
  "pk": 10,
  "fields": {
    "created_at": "2026-03-12T09:30:59.095Z",
    "updated_at": "2026-03-12T09:30:59.095Z",
    "parent": 32,
    "student": 31,
    "relationship": "Guardian"
  }
},
{
  "model": "users.parentstudentlink",
  "pk": 11,
  "fields": {
    "created_at": "2026-03-12T09:31:00.050Z",
    "updated_at": "2026-03-12T09:31:00.050Z",
    "parent": 34,
    "student": 33,
    "relationship": "Guardian"
  }
},
{
  "model": "users.parentstudentlink",
  "pk": 12,
  "fields": {
    "created_at": "2026-03-12T09:31:01.004Z",
    "updated_at": "2026-03-12T09:31:01.004Z",
    "parent": 36,
    "student": 35,
    "relationship": "Guardian"
  }
},
{
  "model": "users.parentstudentlink",
  "pk": 13,
  "fields": {
    "created_at": "2026-03-12T09:31:01.958Z",
    "updated_at": "2026-03-12T09:31:01.958Z",
    "parent": 38,
    "student": 37,
    "relationship": "Guardian"
  }
},
{
  "model": "users.parentstudentlink",
  "pk": 14,
  "fields": {
    "created_at": "2026-03-12T09:31:02.901Z",
    "updated_at": "2026-03-12T09:31:02.901Z",
    "parent": 40,
    "student": 39,
    "relationship": "Guardian"
  }
},
{
  "model": "users.parentstudentlink",
  "pk": 15,
  "fields": {
    "created_at": "2026-03-12T09:31:03.845Z",
    "updated_at": "2026-03-12T09:31:03.845Z",
    "parent": 42,
    "student": 41,
    "relationship": "Guardian"
  }
},
{
  "model": "users.parentstudentlink",
  "pk": 16,
  "fields": {
    "created_at": "2026-03-12T09:31:04.795Z",
    "updated_at": "2026-03-12T09:31:04.795Z",
    "parent": 44,
    "student": 43,
    "relationship": "Guardian"
  }
},
{
  "model": "users.parentstudentlink",
  "pk": 17,
  "fields": {
    "created_at": "2026-03-13T12:32:34.532Z",
    "updated_at": "2026-03-13T12:32:34.532Z",
    "parent": 6,
    "student": 5,
    "relationship": "Guardian"
  }
},
{
  "model": "learning.programme",
  "pk": 1,
  "fields": {
    "created_at": "2025-11-19T11:28:48.084Z",
    "updated_at": "2025-11-19T11:28:48.084Z",
    "department": 1,
    "name": "Diploma in Tourism Operations",
    "code": "DTM",
    "award_level": "Diploma",
    "duration_years": 2,
    "trimesters_per_year": 3
  }
},
{
  "model": "learning.programme",
  "pk": 2,
  "fields": {
    "created_at": "2026-01-15T10:01:32.239Z",
    "updated_at": "2026-01-15T10:01:32.239Z",
    "department": null,
    "name": "Fundamentals of Tourism",
    "code": "TTM101",
    "award_level": "Certificate",
    "duration_years": 1,
    "trimesters_per_year": 2
  }
},
{
  "model": "learning.programme",
  "pk": 3,
  "fields": {
    "created_at": "2026-01-15T10:01:32.255Z",
    "updated_at": "2026-01-15T10:01:32.255Z",
    "department": 1,
    "name": "Certificate in Tourism and Travel",
    "code": "CTT01",
    "award_level": "Certificate",
    "duration_years": 2,
    "trimesters_per_year": 3
  }
},
{
  "model": "learning.curriculumunit",
  "pk": 1,
  "fields": {
    "created_at": "2025-11-19T11:28:48.087Z",
    "updated_at": "2025-11-19T11:28:48.087Z",
    "programme": 1,
    "code": "DTM101",
    "title": "Introduction to Tourism",
    "credit_hours": 3,
    "trimester_hint": 1,
    "has_prereq": false,
    "prereq_unit": null
  }
},
{
  "model": "learning.curriculumunit",
  "pk": 2,
  "fields": {
    "created_at": "2025-11-19T11:28:48.090Z",
    "updated_at": "2025-11-19T11:28:48.090Z",
    "programme": 1,
    "code": "DTM102",
    "title": "Travel Geography",
    "credit_hours": 3,
    "trimester_hint": 1,
    "has_prereq": false,
    "prereq_unit": null
  }
},
{
  "model": "learning.curriculumunit",
  "pk": 3,
  "fields": {
    "created_at": "2025-11-19T11:28:48.092Z",
    "updated_at": "2025-11-19T11:28:48.092Z",
    "programme": 1,
    "code": "DTM103",
    "title": "Customer Service in Hospitality",
    "credit_hours": 3,
    "trimester_hint": 1,
    "has_prereq": false,
    "prereq_unit": null
  }
},
{
  "model": "learning.curriculumunit",
  "pk": 4,
  "fields": {
    "created_at": "2025-11-19T11:28:48.096Z",
    "updated_at": "2025-11-19T11:28:48.096Z",
    "programme": 1,
    "code": "DTM104",
    "title": "Tour Guiding Techniques",
    "credit_hours": 3,
    "trimester_hint": 2,
    "has_prereq": true,
    "prereq_unit": 1
  }
},
{
  "model": "learning.curriculumunit",
  "pk": 5,
  "fields": {
    "created_at": "2025-11-19T11:28:48.099Z",
    "updated_at": "2025-11-19T11:28:48.099Z",
    "programme": 1,
    "code": "DTM105",
    "title": "Sustainable Tourism Practices",
    "credit_hours": 3,
    "trimester_hint": 2,
    "has_prereq": false,
    "prereq_unit": null
  }
},
{
  "model": "learning.curriculumunit",
  "pk": 6,
  "fields": {
    "created_at": "2025-11-19T11:28:48.101Z",
    "updated_at": "2025-11-19T11:28:48.101Z",
    "programme": 1,
    "code": "DTM106",
    "title": "Event Management Fundamentals",
    "credit_hours": 3,
    "trimester_hint": 3,
    "has_prereq": false,
    "prereq_unit": null
  }
},
{
  "model": "learning.curriculumunit",
  "pk": 7,
  "fields": {
    "created_at": "2025-11-19T11:28:48.104Z",
    "updated_at": "2025-11-19T11:28:48.104Z",
    "programme": 1,
    "code": "DTM201",
    "title": "Tourism Marketing",
    "credit_hours": 3,
    "trimester_hint": 4,
    "has_prereq": true,
    "prereq_unit": 4
  }
},
{
  "model": "learning.curriculumunit",
  "pk": 8,
  "fields": {
    "created_at": "2025-11-19T11:28:48.106Z",
    "updated_at": "2025-11-19T11:28:48.106Z",
    "programme": 1,
    "code": "DTM202",
    "title": "Travel Agency Operations",
    "credit_hours": 3,
    "trimester_hint": 4,
    "has_prereq": false,
    "prereq_unit": null
  }
},
{
  "model": "learning.curriculumunit",
  "pk": 9,
  "fields": {
    "created_at": "2026-01-15T10:01:32.244Z",
    "updated_at": "2026-02-26T06:51:22.358Z",
    "programme": 2,
    "code": "TTM101-U1",
    "title": "Week 1: Tourism Foundations",
    "credit_hours": 3,
    "trimester_hint": null,
    "has_prereq": false,
    "prereq_unit": null
  }
},
{
  "model": "learning.curriculumunit",
  "pk": 10,
  "fields": {
    "created_at": "2026-01-15T10:01:32.260Z",
    "updated_at": "2026-02-26T06:51:22.368Z",
    "programme": 3,
    "code": "TT-111",
    "title": "Introduction to the Global Travel & Tourism Industry",
    "credit_hours": 3,
    "trimester_hint": 1,
    "has_prereq": false,
    "prereq_unit": null
  }
},
{
  "model": "learning.curriculumunit",
  "pk": 11,
  "fields": {
    "created_at": "2026-01-15T10:01:32.270Z",
    "updated_at": "2026-02-26T06:51:22.379Z",
    "programme": 3,
    "code": "TT-112",
    "title": "Travel Products and Services",
    "credit_hours": 3,
    "trimester_hint": 1,
    "has_prereq": false,
    "prereq_unit": null
  }
},
{
  "model": "learning.curriculumunit",
  "pk": 12,
  "fields": {
    "created_at": "2026-01-15T10:01:32.281Z",
    "updated_at": "2026-02-26T06:51:22.388Z",
    "programme": 3,
    "code": "TT-113",
    "title": "Customer Service",
    "credit_hours": 3,
    "trimester_hint": 1,
    "has_prereq": false,
    "prereq_unit": null
  }
},
{
  "model": "learning.curriculumunit",
  "pk": 13,
  "fields": {
    "created_at": "2026-01-15T10:01:32.289Z",
    "updated_at": "2026-02-26T06:51:22.396Z",
    "programme": 3,
    "code": "TT-114",
    "title": "Communication Skills",
    "credit_hours": 3,
    "trimester_hint": 1,
    "has_prereq": false,
    "prereq_unit": null
  }
},
{
  "model": "learning.curriculumunit",
  "pk": 14,
  "fields": {
    "created_at": "2026-01-15T10:01:32.299Z",
    "updated_at": "2026-02-26T06:51:22.405Z",
    "programme": 3,
    "code": "TT-121",
    "title": "Destination Awareness and Management",
    "credit_hours": 3,
    "trimester_hint": 2,
    "has_prereq": false,
    "prereq_unit": null
  }
},
{
  "model": "learning.curriculumunit",
  "pk": 15,
  "fields": {
    "created_at": "2026-01-15T10:01:32.308Z",
    "updated_at": "2026-02-26T06:51:22.413Z",
    "programme": 3,
    "code": "TT-122",
    "title": "Marketing and Sales in the Travel Industry",
    "credit_hours": 3,
    "trimester_hint": 2,
    "has_prereq": false,
    "prereq_unit": null
  }
},
{
  "model": "learning.curriculumunit",
  "pk": 16,
  "fields": {
    "created_at": "2026-01-15T10:01:32.319Z",
    "updated_at": "2026-02-26T06:51:22.423Z",
    "programme": 3,
    "code": "TT-123",
    "title": "Tour Operations & Digital Distribution Channels",
    "credit_hours": 3,
    "trimester_hint": 2,
    "has_prereq": false,
    "prereq_unit": null
  }
},
{
  "model": "learning.curriculumunit",
  "pk": 17,
  "fields": {
    "created_at": "2026-01-15T10:01:32.327Z",
    "updated_at": "2026-02-26T06:51:22.432Z",
    "programme": 3,
    "code": "TT-124",
    "title": "Hospitality Management",
    "credit_hours": 3,
    "trimester_hint": 2,
    "has_prereq": false,
    "prereq_unit": null
  }
},
{
  "model": "learning.curriculumunit",
  "pk": 18,
  "fields": {
    "created_at": "2026-01-15T10:01:32.337Z",
    "updated_at": "2026-02-26T06:51:22.441Z",
    "programme": 3,
    "code": "TT-131",
    "title": "Tourism Technology Systems and Booking Platforms",
    "credit_hours": 3,
    "trimester_hint": 3,
    "has_prereq": false,
    "prereq_unit": null
  }
},
{
  "model": "learning.curriculumunit",
  "pk": 19,
  "fields": {
    "created_at": "2026-01-15T10:01:32.346Z",
    "updated_at": "2026-02-26T06:51:22.450Z",
    "programme": 3,
    "code": "TT-132",
    "title": "Travel Regulations and Safety",
    "credit_hours": 3,
    "trimester_hint": 3,
    "has_prereq": false,
    "prereq_unit": null
  }
},
{
  "model": "learning.curriculumunit",
  "pk": 20,
  "fields": {
    "created_at": "2026-01-15T10:01:32.354Z",
    "updated_at": "2026-02-26T06:51:22.460Z",
    "programme": 3,
    "code": "TT-133",
    "title": "The Business of Tourism",
    "credit_hours": 3,
    "trimester_hint": 3,
    "has_prereq": false,
    "prereq_unit": null
  }
},
{
  "model": "learning.curriculumunit",
  "pk": 21,
  "fields": {
    "created_at": "2026-01-15T10:01:32.365Z",
    "updated_at": "2026-02-26T06:51:22.469Z",
    "programme": 3,
    "code": "TT-134",
    "title": "Introduction to Event Management",
    "credit_hours": 3,
    "trimester_hint": 3,
    "has_prereq": false,
    "prereq_unit": null
  }
},
{
  "model": "learning.curriculumunit",
  "pk": 22,
  "fields": {
    "created_at": "2026-01-15T10:01:32.373Z",
    "updated_at": "2026-02-26T06:51:22.478Z",
    "programme": 3,
    "code": "TT-211",
    "title": "Advanced Tour Operations",
    "credit_hours": 3,
    "trimester_hint": 1,
    "has_prereq": false,
    "prereq_unit": null
  }
},
{
  "model": "learning.curriculumunit",
  "pk": 23,
  "fields": {
    "created_at": "2026-01-15T10:01:32.385Z",
    "updated_at": "2026-02-26T06:51:22.487Z",
    "programme": 3,
    "code": "TT-212",
    "title": "Sustainable Tourism",
    "credit_hours": 3,
    "trimester_hint": 1,
    "has_prereq": false,
    "prereq_unit": null
  }
},
{
  "model": "learning.curriculumunit",
  "pk": 24,
  "fields": {
    "created_at": "2026-01-15T10:01:32.394Z",
    "updated_at": "2026-02-26T06:51:22.499Z",
    "programme": 3,
    "code": "TT-213",
    "title": "Financial Management in Tourism",
    "credit_hours": 3,
    "trimester_hint": 1,
    "has_prereq": false,
    "prereq_unit": null
  }
},
{
  "model": "learning.curriculumunit",
  "pk": 25,
  "fields": {
    "created_at": "2026-01-15T10:01:32.405Z",
    "updated_at": "2026-02-26T06:51:22.512Z",
    "programme": 3,
    "code": "TT-214",
    "title": "Human Resource Management in Tourism",
    "credit_hours": 3,
    "trimester_hint": 1,
    "has_prereq": false,
    "prereq_unit": null
  }
},
{
  "model": "learning.curriculumunit",
  "pk": 26,
  "fields": {
    "created_at": "2026-01-15T10:01:32.416Z",
    "updated_at": "2026-02-26T06:51:22.525Z",
    "programme": 3,
    "code": "TT-221",
    "title": "Ecotourism and Protected Area Management",
    "credit_hours": 3,
    "trimester_hint": 2,
    "has_prereq": false,
    "prereq_unit": null
  }
},
{
  "model": "learning.curriculumunit",
  "pk": 27,
  "fields": {
    "created_at": "2026-01-15T10:01:32.424Z",
    "updated_at": "2026-02-26T06:51:22.537Z",
    "programme": 3,
    "code": "TT-222",
    "title": "Niche Tourism",
    "credit_hours": 3,
    "trimester_hint": 2,
    "has_prereq": false,
    "prereq_unit": null
  }
},
{
  "model": "learning.curriculumunit",
  "pk": 28,
  "fields": {
    "created_at": "2026-01-15T10:01:32.434Z",
    "updated_at": "2026-02-26T06:51:22.549Z",
    "programme": 3,
    "code": "TT-223",
    "title": "Crisis Management in Tourism",
    "credit_hours": 3,
    "trimester_hint": 2,
    "has_prereq": false,
    "prereq_unit": null
  }
},
{
  "model": "learning.curriculumunit",
  "pk": 29,
  "fields": {
    "created_at": "2026-01-15T10:01:32.442Z",
    "updated_at": "2026-02-26T06:51:22.565Z",
    "programme": 3,
    "code": "TT-224",
    "title": "Research Methods in Tourism",
    "credit_hours": 3,
    "trimester_hint": 2,
    "has_prereq": false,
    "prereq_unit": null
  }
},
{
  "model": "learning.curriculumunit",
  "pk": 30,
  "fields": {
    "created_at": "2026-01-15T10:01:32.452Z",
    "updated_at": "2026-02-26T06:51:22.582Z",
    "programme": 3,
    "code": "TT-231",
    "title": "Internship/Practicum",
    "credit_hours": 6,
    "trimester_hint": 3,
    "has_prereq": false,
    "prereq_unit": null
  }
},
{
  "model": "learning.curriculumunit",
  "pk": 31,
  "fields": {
    "created_at": "2026-01-15T10:01:32.462Z",
    "updated_at": "2026-02-26T06:51:22.598Z",
    "programme": 3,
    "code": "TT-232",
    "title": "Final Project",
    "credit_hours": 6,
    "trimester_hint": 3,
    "has_prereq": false,
    "prereq_unit": null
  }
},
{
  "model": "learning.curriculumunit",
  "pk": 32,
  "fields": {
    "created_at": "2026-01-15T10:01:32.472Z",
    "updated_at": "2026-02-26T06:51:22.615Z",
    "programme": 3,
    "code": "TT-233",
    "title": "Airline and Airport Operations",
    "credit_hours": 3,
    "trimester_hint": 3,
    "has_prereq": false,
    "prereq_unit": null
  }
},
{
  "model": "learning.curriculumunit",
  "pk": 33,
  "fields": {
    "created_at": "2026-01-15T10:01:32.483Z",
    "updated_at": "2026-02-26T06:51:22.630Z",
    "programme": 3,
    "code": "TT-234",
    "title": "Entrepreneurship in Tourism",
    "credit_hours": 3,
    "trimester_hint": 3,
    "has_prereq": false,
    "prereq_unit": null
  }
},
{
  "model": "learning.termoffering",
  "pk": 1,
  "fields": {
    "created_at": "2025-11-19T11:28:50.776Z",
    "updated_at": "2025-11-19T11:28:50.776Z",
    "programme": 1,
    "unit": 1,
    "academic_year": 2025,
    "trimester": 1,
    "offered": true,
    "capacity": 30
  }
},
{
  "model": "learning.termoffering",
  "pk": 2,
  "fields": {
    "created_at": "2025-11-19T11:28:50.779Z",
    "updated_at": "2025-11-19T11:28:50.779Z",
    "programme": 1,
    "unit": 2,
    "academic_year": 2025,
    "trimester": 1,
    "offered": true,
    "capacity": 30
  }
},
{
  "model": "learning.termoffering",
  "pk": 3,
  "fields": {
    "created_at": "2025-11-19T11:28:50.783Z",
    "updated_at": "2025-11-19T11:28:50.783Z",
    "programme": 1,
    "unit": 3,
    "academic_year": 2025,
    "trimester": 1,
    "offered": true,
    "capacity": 30
  }
},
{
  "model": "learning.termoffering",
  "pk": 4,
  "fields": {
    "created_at": "2026-01-15T10:01:32.265Z",
    "updated_at": "2026-03-12T09:31:15.451Z",
    "programme": 3,
    "unit": 10,
    "academic_year": 1,
    "trimester": 1,
    "offered": true,
    "capacity": 80
  }
},
{
  "model": "learning.termoffering",
  "pk": 5,
  "fields": {
    "created_at": "2026-01-15T10:01:32.274Z",
    "updated_at": "2026-03-12T09:31:15.460Z",
    "programme": 3,
    "unit": 11,
    "academic_year": 1,
    "trimester": 1,
    "offered": true,
    "capacity": 80
  }
},
{
  "model": "learning.termoffering",
  "pk": 6,
  "fields": {
    "created_at": "2026-01-15T10:01:32.285Z",
    "updated_at": "2026-03-12T09:31:15.466Z",
    "programme": 3,
    "unit": 12,
    "academic_year": 1,
    "trimester": 1,
    "offered": true,
    "capacity": 80
  }
},
{
  "model": "learning.termoffering",
  "pk": 7,
  "fields": {
    "created_at": "2026-01-15T10:01:32.293Z",
    "updated_at": "2026-03-12T09:31:15.472Z",
    "programme": 3,
    "unit": 13,
    "academic_year": 1,
    "trimester": 1,
    "offered": true,
    "capacity": 80
  }
},
{
  "model": "learning.termoffering",
  "pk": 8,
  "fields": {
    "created_at": "2026-01-15T10:01:32.304Z",
    "updated_at": "2026-03-12T09:31:15.505Z",
    "programme": 3,
    "unit": 14,
    "academic_year": 1,
    "trimester": 2,
    "offered": true,
    "capacity": 80
  }
},
{
  "model": "learning.termoffering",
  "pk": 9,
  "fields": {
    "created_at": "2026-01-15T10:01:32.314Z",
    "updated_at": "2026-03-12T09:31:15.510Z",
    "programme": 3,
    "unit": 15,
    "academic_year": 1,
    "trimester": 2,
    "offered": true,
    "capacity": 80
  }
},
{
  "model": "learning.termoffering",
  "pk": 10,
  "fields": {
    "created_at": "2026-01-15T10:01:32.323Z",
    "updated_at": "2026-03-12T09:31:15.515Z",
    "programme": 3,
    "unit": 16,
    "academic_year": 1,
    "trimester": 2,
    "offered": true,
    "capacity": 80
  }
},
{
  "model": "learning.termoffering",
  "pk": 11,
  "fields": {
    "created_at": "2026-01-15T10:01:32.333Z",
    "updated_at": "2026-03-12T09:31:15.524Z",
    "programme": 3,
    "unit": 17,
    "academic_year": 1,
    "trimester": 2,
    "offered": true,
    "capacity": 80
  }
},
{
  "model": "learning.termoffering",
  "pk": 12,
  "fields": {
    "created_at": "2026-01-15T10:01:32.341Z",
    "updated_at": "2026-03-12T09:31:15.556Z",
    "programme": 3,
    "unit": 18,
    "academic_year": 1,
    "trimester": 3,
    "offered": true,
    "capacity": 80
  }
},
{
  "model": "learning.termoffering",
  "pk": 13,
  "fields": {
    "created_at": "2026-01-15T10:01:32.350Z",
    "updated_at": "2026-03-12T09:31:15.561Z",
    "programme": 3,
    "unit": 19,
    "academic_year": 1,
    "trimester": 3,
    "offered": true,
    "capacity": 80
  }
},
{
  "model": "learning.termoffering",
  "pk": 14,
  "fields": {
    "created_at": "2026-01-15T10:01:32.359Z",
    "updated_at": "2026-03-12T09:31:15.566Z",
    "programme": 3,
    "unit": 20,
    "academic_year": 1,
    "trimester": 3,
    "offered": true,
    "capacity": 80
  }
},
{
  "model": "learning.termoffering",
  "pk": 15,
  "fields": {
    "created_at": "2026-01-15T10:01:32.369Z",
    "updated_at": "2026-03-12T09:31:15.575Z",
    "programme": 3,
    "unit": 21,
    "academic_year": 1,
    "trimester": 3,
    "offered": true,
    "capacity": 80
  }
},
{
  "model": "learning.termoffering",
  "pk": 16,
  "fields": {
    "created_at": "2026-01-15T10:01:32.378Z",
    "updated_at": "2026-02-26T06:51:22.482Z",
    "programme": 3,
    "unit": 22,
    "academic_year": 2,
    "trimester": 1,
    "offered": true,
    "capacity": null
  }
},
{
  "model": "learning.termoffering",
  "pk": 17,
  "fields": {
    "created_at": "2026-01-15T10:01:32.389Z",
    "updated_at": "2026-02-26T06:51:22.493Z",
    "programme": 3,
    "unit": 23,
    "academic_year": 2,
    "trimester": 1,
    "offered": true,
    "capacity": null
  }
},
{
  "model": "learning.termoffering",
  "pk": 18,
  "fields": {
    "created_at": "2026-01-15T10:01:32.401Z",
    "updated_at": "2026-02-26T06:51:22.504Z",
    "programme": 3,
    "unit": 24,
    "academic_year": 2,
    "trimester": 1,
    "offered": true,
    "capacity": null
  }
},
{
  "model": "learning.termoffering",
  "pk": 19,
  "fields": {
    "created_at": "2026-01-15T10:01:32.410Z",
    "updated_at": "2026-02-26T06:51:22.519Z",
    "programme": 3,
    "unit": 25,
    "academic_year": 2,
    "trimester": 1,
    "offered": true,
    "capacity": null
  }
},
{
  "model": "learning.termoffering",
  "pk": 20,
  "fields": {
    "created_at": "2026-01-15T10:01:32.420Z",
    "updated_at": "2026-02-26T06:51:22.531Z",
    "programme": 3,
    "unit": 26,
    "academic_year": 2,
    "trimester": 2,
    "offered": true,
    "capacity": null
  }
},
{
  "model": "learning.termoffering",
  "pk": 21,
  "fields": {
    "created_at": "2026-01-15T10:01:32.430Z",
    "updated_at": "2026-02-26T06:51:22.544Z",
    "programme": 3,
    "unit": 27,
    "academic_year": 2,
    "trimester": 2,
    "offered": true,
    "capacity": null
  }
},
{
  "model": "learning.termoffering",
  "pk": 22,
  "fields": {
    "created_at": "2026-01-15T10:01:32.438Z",
    "updated_at": "2026-02-26T06:51:22.557Z",
    "programme": 3,
    "unit": 28,
    "academic_year": 2,
    "trimester": 2,
    "offered": true,
    "capacity": null
  }
},
{
  "model": "learning.termoffering",
  "pk": 23,
  "fields": {
    "created_at": "2026-01-15T10:01:32.448Z",
    "updated_at": "2026-02-26T06:51:22.573Z",
    "programme": 3,
    "unit": 29,
    "academic_year": 2,
    "trimester": 2,
    "offered": true,
    "capacity": null
  }
},
{
  "model": "learning.termoffering",
  "pk": 24,
  "fields": {
    "created_at": "2026-01-15T10:01:32.456Z",
    "updated_at": "2026-02-26T06:51:22.590Z",
    "programme": 3,
    "unit": 30,
    "academic_year": 2,
    "trimester": 3,
    "offered": true,
    "capacity": null
  }
},
{
  "model": "learning.termoffering",
  "pk": 25,
  "fields": {
    "created_at": "2026-01-15T10:01:32.468Z",
    "updated_at": "2026-02-26T06:51:22.607Z",
    "programme": 3,
    "unit": 31,
    "academic_year": 2,
    "trimester": 3,
    "offered": true,
    "capacity": null
  }
},
{
  "model": "learning.termoffering",
  "pk": 26,
  "fields": {
    "created_at": "2026-01-15T10:01:32.477Z",
    "updated_at": "2026-02-26T06:51:22.623Z",
    "programme": 3,
    "unit": 32,
    "academic_year": 2,
    "trimester": 3,
    "offered": true,
    "capacity": null
  }
},
{
  "model": "learning.termoffering",
  "pk": 27,
  "fields": {
    "created_at": "2026-01-15T10:01:32.487Z",
    "updated_at": "2026-02-26T06:51:22.635Z",
    "programme": 3,
    "unit": 33,
    "academic_year": 2,
    "trimester": 3,
    "offered": true,
    "capacity": null
  }
},
{
  "model": "learning.termoffering",
  "pk": 28,
  "fields": {
    "created_at": "2026-03-12T09:30:31.783Z",
    "updated_at": "2026-03-12T09:31:15.478Z",
    "programme": 3,
    "unit": 22,
    "academic_year": 1,
    "trimester": 1,
    "offered": true,
    "capacity": 80
  }
},
{
  "model": "learning.termoffering",
  "pk": 29,
  "fields": {
    "created_at": "2026-03-12T09:30:31.792Z",
    "updated_at": "2026-03-12T09:31:15.483Z",
    "programme": 3,
    "unit": 23,
    "academic_year": 1,
    "trimester": 1,
    "offered": true,
    "capacity": 80
  }
},
{
  "model": "learning.termoffering",
  "pk": 30,
  "fields": {
    "created_at": "2026-03-12T09:30:31.797Z",
    "updated_at": "2026-03-12T09:31:15.493Z",
    "programme": 3,
    "unit": 24,
    "academic_year": 1,
    "trimester": 1,
    "offered": true,
    "capacity": 80
  }
},
{
  "model": "learning.termoffering",
  "pk": 31,
  "fields": {
    "created_at": "2026-03-12T09:30:31.802Z",
    "updated_at": "2026-03-12T09:31:15.498Z",
    "programme": 3,
    "unit": 25,
    "academic_year": 1,
    "trimester": 1,
    "offered": true,
    "capacity": 80
  }
},
{
  "model": "learning.termoffering",
  "pk": 32,
  "fields": {
    "created_at": "2026-03-12T09:30:31.834Z",
    "updated_at": "2026-03-12T09:31:15.529Z",
    "programme": 3,
    "unit": 26,
    "academic_year": 1,
    "trimester": 2,
    "offered": true,
    "capacity": 80
  }
},
{
  "model": "learning.termoffering",
  "pk": 33,
  "fields": {
    "created_at": "2026-03-12T09:30:31.841Z",
    "updated_at": "2026-03-12T09:31:15.537Z",
    "programme": 3,
    "unit": 27,
    "academic_year": 1,
    "trimester": 2,
    "offered": true,
    "capacity": 80
  }
},
{
  "model": "learning.termoffering",
  "pk": 34,
  "fields": {
    "created_at": "2026-03-12T09:30:31.846Z",
    "updated_at": "2026-03-12T09:31:15.543Z",
    "programme": 3,
    "unit": 28,
    "academic_year": 1,
    "trimester": 2,
    "offered": true,
    "capacity": 80
  }
},
{
  "model": "learning.termoffering",
  "pk": 35,
  "fields": {
    "created_at": "2026-03-12T09:30:31.852Z",
    "updated_at": "2026-03-12T09:31:15.548Z",
    "programme": 3,
    "unit": 29,
    "academic_year": 1,
    "trimester": 2,
    "offered": true,
    "capacity": 80
  }
},
{
  "model": "learning.termoffering",
  "pk": 36,
  "fields": {
    "created_at": "2026-03-12T09:30:31.886Z",
    "updated_at": "2026-03-12T09:31:15.581Z",
    "programme": 3,
    "unit": 30,
    "academic_year": 1,
    "trimester": 3,
    "offered": true,
    "capacity": 80
  }
},
{
  "model": "learning.termoffering",
  "pk": 37,
  "fields": {
    "created_at": "2026-03-12T09:30:31.895Z",
    "updated_at": "2026-03-12T09:31:15.587Z",
    "programme": 3,
    "unit": 31,
    "academic_year": 1,
    "trimester": 3,
    "offered": true,
    "capacity": 80
  }
},
{
  "model": "learning.termoffering",
  "pk": 38,
  "fields": {
    "created_at": "2026-03-12T09:30:31.900Z",
    "updated_at": "2026-03-12T09:31:15.593Z",
    "programme": 3,
    "unit": 32,
    "academic_year": 1,
    "trimester": 3,
    "offered": true,
    "capacity": 80
  }
},
{
  "model": "learning.termoffering",
  "pk": 39,
  "fields": {
    "created_at": "2026-03-12T09:30:31.907Z",
    "updated_at": "2026-03-12T09:31:15.598Z",
    "programme": 3,
    "unit": 33,
    "academic_year": 1,
    "trimester": 3,
    "offered": true,
    "capacity": 80
  }
},
{
  "model": "learning.termoffering",
  "pk": 40,
  "fields": {
    "created_at": "2026-03-12T09:30:31.992Z",
    "updated_at": "2026-03-12T09:31:15.687Z",
    "programme": 1,
    "unit": 1,
    "academic_year": 1,
    "trimester": 1,
    "offered": true,
    "capacity": 80
  }
},
{
  "model": "learning.termoffering",
  "pk": 41,
  "fields": {
    "created_at": "2026-03-12T09:30:31.997Z",
    "updated_at": "2026-03-12T09:31:15.693Z",
    "programme": 1,
    "unit": 2,
    "academic_year": 1,
    "trimester": 1,
    "offered": true,
    "capacity": 80
  }
},
{
  "model": "learning.termoffering",
  "pk": 42,
  "fields": {
    "created_at": "2026-03-12T09:30:32.003Z",
    "updated_at": "2026-03-12T09:31:15.698Z",
    "programme": 1,
    "unit": 3,
    "academic_year": 1,
    "trimester": 1,
    "offered": true,
    "capacity": 80
  }
},
{
  "model": "learning.termoffering",
  "pk": 43,
  "fields": {
    "created_at": "2026-03-12T09:30:32.010Z",
    "updated_at": "2026-03-12T09:31:15.705Z",
    "programme": 1,
    "unit": 4,
    "academic_year": 1,
    "trimester": 2,
    "offered": true,
    "capacity": 80
  }
},
{
  "model": "learning.termoffering",
  "pk": 44,
  "fields": {
    "created_at": "2026-03-12T09:30:32.015Z",
    "updated_at": "2026-03-12T09:31:15.710Z",
    "programme": 1,
    "unit": 5,
    "academic_year": 1,
    "trimester": 2,
    "offered": true,
    "capacity": 80
  }
},
{
  "model": "learning.termoffering",
  "pk": 45,
  "fields": {
    "created_at": "2026-03-12T09:30:32.021Z",
    "updated_at": "2026-03-12T09:31:15.716Z",
    "programme": 1,
    "unit": 6,
    "academic_year": 1,
    "trimester": 3,
    "offered": true,
    "capacity": 80
  }
},
{
  "model": "learning.termoffering",
  "pk": 46,
  "fields": {
    "created_at": "2026-03-12T09:30:32.029Z",
    "updated_at": "2026-03-12T09:31:15.726Z",
    "programme": 1,
    "unit": 7,
    "academic_year": 1,
    "trimester": 4,
    "offered": true,
    "capacity": 80
  }
},
{
  "model": "learning.termoffering",
  "pk": 47,
  "fields": {
    "created_at": "2026-03-12T09:30:32.035Z",
    "updated_at": "2026-03-12T09:31:15.731Z",
    "programme": 1,
    "unit": 8,
    "academic_year": 1,
    "trimester": 4,
    "offered": true,
    "capacity": 80
  }
},
{
  "model": "learning.termoffering",
  "pk": 48,
  "fields": {
    "created_at": "2026-03-12T09:30:32.116Z",
    "updated_at": "2026-03-12T09:31:15.816Z",
    "programme": 2,
    "unit": 9,
    "academic_year": 1,
    "trimester": 1,
    "offered": true,
    "capacity": 80
  }
},
{
  "model": "learning.registration",
  "pk": 1,
  "fields": {
    "created_at": "2025-11-19T11:28:50.793Z",
    "updated_at": "2025-11-19T11:28:50.794Z",
    "student": 5,
    "unit": 1,
    "academic_year": 2025,
    "trimester": 1,
    "status": "approved",
    "approved_by": null,
    "approved_at": null
  }
},
{
  "model": "learning.registration",
  "pk": 2,
  "fields": {
    "created_at": "2025-11-19T11:28:50.799Z",
    "updated_at": "2025-11-19T11:28:50.799Z",
    "student": 5,
    "unit": 2,
    "academic_year": 2025,
    "trimester": 1,
    "status": "approved",
    "approved_by": null,
    "approved_at": null
  }
},
{
  "model": "learning.registration",
  "pk": 3,
  "fields": {
    "created_at": "2026-03-12T09:30:32.140Z",
    "updated_at": "2026-03-12T09:31:15.839Z",
    "student": 5,
    "unit": 1,
    "academic_year": 1,
    "trimester": 1,
    "status": "approved",
    "approved_by": null,
    "approved_at": "2026-03-12T09:31:15.448Z"
  }
},
{
  "model": "learning.registration",
  "pk": 4,
  "fields": {
    "created_at": "2026-03-12T09:30:32.144Z",
    "updated_at": "2026-03-12T09:31:15.843Z",
    "student": 5,
    "unit": 2,
    "academic_year": 1,
    "trimester": 1,
    "status": "approved",
    "approved_by": null,
    "approved_at": "2026-03-12T09:31:15.448Z"
  }
},
{
  "model": "learning.registration",
  "pk": 5,
  "fields": {
    "created_at": "2026-03-12T09:30:32.149Z",
    "updated_at": "2026-03-12T09:31:15.846Z",
    "student": 5,
    "unit": 3,
    "academic_year": 1,
    "trimester": 1,
    "status": "approved",
    "approved_by": null,
    "approved_at": "2026-03-12T09:31:15.448Z"
  }
},
{
  "model": "learning.registration",
  "pk": 6,
  "fields": {
    "created_at": "2026-03-12T09:30:32.164Z",
    "updated_at": "2026-03-12T09:31:15.863Z",
    "student": 13,
    "unit": 10,
    "academic_year": 1,
    "trimester": 1,
    "status": "approved",
    "approved_by": null,
    "approved_at": "2026-03-12T09:31:15.448Z"
  }
},
{
  "model": "learning.registration",
  "pk": 7,
  "fields": {
    "created_at": "2026-03-12T09:30:32.167Z",
    "updated_at": "2026-03-12T09:31:15.866Z",
    "student": 13,
    "unit": 11,
    "academic_year": 1,
    "trimester": 1,
    "status": "approved",
    "approved_by": null,
    "approved_at": "2026-03-12T09:31:15.448Z"
  }
},
{
  "model": "learning.registration",
  "pk": 8,
  "fields": {
    "created_at": "2026-03-12T09:30:32.171Z",
    "updated_at": "2026-03-12T09:31:15.870Z",
    "student": 13,
    "unit": 12,
    "academic_year": 1,
    "trimester": 1,
    "status": "approved",
    "approved_by": null,
    "approved_at": "2026-03-12T09:31:15.448Z"
  }
},
{
  "model": "learning.registration",
  "pk": 9,
  "fields": {
    "created_at": "2026-03-12T09:31:15.880Z",
    "updated_at": "2026-03-12T09:31:15.880Z",
    "student": 15,
    "unit": 10,
    "academic_year": 1,
    "trimester": 1,
    "status": "approved",
    "approved_by": null,
    "approved_at": "2026-03-12T09:31:15.448Z"
  }
},
{
  "model": "learning.registration",
  "pk": 10,
  "fields": {
    "created_at": "2026-03-12T09:31:15.882Z",
    "updated_at": "2026-03-12T09:31:15.882Z",
    "student": 15,
    "unit": 11,
    "academic_year": 1,
    "trimester": 1,
    "status": "approved",
    "approved_by": null,
    "approved_at": "2026-03-12T09:31:15.448Z"
  }
},
{
  "model": "learning.registration",
  "pk": 11,
  "fields": {
    "created_at": "2026-03-12T09:31:15.886Z",
    "updated_at": "2026-03-12T09:31:15.886Z",
    "student": 15,
    "unit": 12,
    "academic_year": 1,
    "trimester": 1,
    "status": "approved",
    "approved_by": null,
    "approved_at": "2026-03-12T09:31:15.448Z"
  }
},
{
  "model": "learning.registration",
  "pk": 12,
  "fields": {
    "created_at": "2026-03-12T09:31:15.897Z",
    "updated_at": "2026-03-12T09:31:15.897Z",
    "student": 17,
    "unit": 10,
    "academic_year": 1,
    "trimester": 1,
    "status": "approved",
    "approved_by": null,
    "approved_at": "2026-03-12T09:31:15.448Z"
  }
},
{
  "model": "learning.registration",
  "pk": 13,
  "fields": {
    "created_at": "2026-03-12T09:31:15.899Z",
    "updated_at": "2026-03-12T09:31:15.899Z",
    "student": 17,
    "unit": 11,
    "academic_year": 1,
    "trimester": 1,
    "status": "approved",
    "approved_by": null,
    "approved_at": "2026-03-12T09:31:15.448Z"
  }
},
{
  "model": "learning.registration",
  "pk": 14,
  "fields": {
    "created_at": "2026-03-12T09:31:15.906Z",
    "updated_at": "2026-03-12T09:31:15.906Z",
    "student": 17,
    "unit": 12,
    "academic_year": 1,
    "trimester": 1,
    "status": "approved",
    "approved_by": null,
    "approved_at": "2026-03-12T09:31:15.448Z"
  }
},
{
  "model": "learning.registration",
  "pk": 15,
  "fields": {
    "created_at": "2026-03-12T09:31:15.916Z",
    "updated_at": "2026-03-12T09:31:15.916Z",
    "student": 19,
    "unit": 10,
    "academic_year": 1,
    "trimester": 1,
    "status": "approved",
    "approved_by": null,
    "approved_at": "2026-03-12T09:31:15.448Z"
  }
},
{
  "model": "learning.registration",
  "pk": 16,
  "fields": {
    "created_at": "2026-03-12T09:31:15.919Z",
    "updated_at": "2026-03-12T09:31:15.919Z",
    "student": 19,
    "unit": 11,
    "academic_year": 1,
    "trimester": 1,
    "status": "approved",
    "approved_by": null,
    "approved_at": "2026-03-12T09:31:15.448Z"
  }
},
{
  "model": "learning.registration",
  "pk": 17,
  "fields": {
    "created_at": "2026-03-12T09:31:15.922Z",
    "updated_at": "2026-03-12T09:31:15.922Z",
    "student": 19,
    "unit": 12,
    "academic_year": 1,
    "trimester": 1,
    "status": "approved",
    "approved_by": null,
    "approved_at": "2026-03-12T09:31:15.448Z"
  }
},
{
  "model": "learning.registration",
  "pk": 18,
  "fields": {
    "created_at": "2026-03-12T09:31:15.931Z",
    "updated_at": "2026-03-12T09:31:15.931Z",
    "student": 21,
    "unit": 10,
    "academic_year": 2,
    "trimester": 1,
    "status": "approved",
    "approved_by": null,
    "approved_at": "2026-03-12T09:31:15.448Z"
  }
},
{
  "model": "learning.registration",
  "pk": 19,
  "fields": {
    "created_at": "2026-03-12T09:31:15.935Z",
    "updated_at": "2026-03-12T09:31:15.935Z",
    "student": 21,
    "unit": 11,
    "academic_year": 2,
    "trimester": 1,
    "status": "approved",
    "approved_by": null,
    "approved_at": "2026-03-12T09:31:15.448Z"
  }
},
{
  "model": "learning.registration",
  "pk": 20,
  "fields": {
    "created_at": "2026-03-12T09:31:15.939Z",
    "updated_at": "2026-03-12T09:31:15.939Z",
    "student": 21,
    "unit": 12,
    "academic_year": 2,
    "trimester": 1,
    "status": "approved",
    "approved_by": null,
    "approved_at": "2026-03-12T09:31:15.448Z"
  }
},
{
  "model": "learning.registration",
  "pk": 21,
  "fields": {
    "created_at": "2026-03-12T09:31:15.950Z",
    "updated_at": "2026-03-12T09:31:15.950Z",
    "student": 23,
    "unit": 10,
    "academic_year": 2,
    "trimester": 1,
    "status": "approved",
    "approved_by": null,
    "approved_at": "2026-03-12T09:31:15.448Z"
  }
},
{
  "model": "learning.registration",
  "pk": 22,
  "fields": {
    "created_at": "2026-03-12T09:31:15.955Z",
    "updated_at": "2026-03-12T09:31:15.955Z",
    "student": 23,
    "unit": 11,
    "academic_year": 2,
    "trimester": 1,
    "status": "approved",
    "approved_by": null,
    "approved_at": "2026-03-12T09:31:15.448Z"
  }
},
{
  "model": "learning.registration",
  "pk": 23,
  "fields": {
    "created_at": "2026-03-12T09:31:15.957Z",
    "updated_at": "2026-03-12T09:31:15.957Z",
    "student": 23,
    "unit": 12,
    "academic_year": 2,
    "trimester": 1,
    "status": "approved",
    "approved_by": null,
    "approved_at": "2026-03-12T09:31:15.448Z"
  }
},
{
  "model": "learning.registration",
  "pk": 24,
  "fields": {
    "created_at": "2026-03-12T09:31:15.966Z",
    "updated_at": "2026-03-12T09:31:15.966Z",
    "student": 25,
    "unit": 10,
    "academic_year": 2,
    "trimester": 1,
    "status": "approved",
    "approved_by": null,
    "approved_at": "2026-03-12T09:31:15.448Z"
  }
},
{
  "model": "learning.registration",
  "pk": 25,
  "fields": {
    "created_at": "2026-03-12T09:31:15.970Z",
    "updated_at": "2026-03-12T09:31:15.970Z",
    "student": 25,
    "unit": 11,
    "academic_year": 2,
    "trimester": 1,
    "status": "approved",
    "approved_by": null,
    "approved_at": "2026-03-12T09:31:15.448Z"
  }
},
{
  "model": "learning.registration",
  "pk": 26,
  "fields": {
    "created_at": "2026-03-12T09:31:15.973Z",
    "updated_at": "2026-03-12T09:31:15.973Z",
    "student": 25,
    "unit": 12,
    "academic_year": 2,
    "trimester": 1,
    "status": "approved",
    "approved_by": null,
    "approved_at": "2026-03-12T09:31:15.448Z"
  }
},
{
  "model": "learning.registration",
  "pk": 27,
  "fields": {
    "created_at": "2026-03-12T09:31:15.982Z",
    "updated_at": "2026-03-12T09:31:15.982Z",
    "student": 27,
    "unit": 1,
    "academic_year": 1,
    "trimester": 1,
    "status": "approved",
    "approved_by": null,
    "approved_at": "2026-03-12T09:31:15.448Z"
  }
},
{
  "model": "learning.registration",
  "pk": 28,
  "fields": {
    "created_at": "2026-03-12T09:31:15.986Z",
    "updated_at": "2026-03-12T09:31:15.986Z",
    "student": 27,
    "unit": 2,
    "academic_year": 1,
    "trimester": 1,
    "status": "approved",
    "approved_by": null,
    "approved_at": "2026-03-12T09:31:15.448Z"
  }
},
{
  "model": "learning.registration",
  "pk": 29,
  "fields": {
    "created_at": "2026-03-12T09:31:15.989Z",
    "updated_at": "2026-03-12T09:31:15.989Z",
    "student": 27,
    "unit": 3,
    "academic_year": 1,
    "trimester": 1,
    "status": "approved",
    "approved_by": null,
    "approved_at": "2026-03-12T09:31:15.448Z"
  }
},
{
  "model": "learning.registration",
  "pk": 30,
  "fields": {
    "created_at": "2026-03-12T09:31:15.998Z",
    "updated_at": "2026-03-12T09:31:15.998Z",
    "student": 29,
    "unit": 1,
    "academic_year": 1,
    "trimester": 1,
    "status": "approved",
    "approved_by": null,
    "approved_at": "2026-03-12T09:31:15.448Z"
  }
},
{
  "model": "learning.registration",
  "pk": 31,
  "fields": {
    "created_at": "2026-03-12T09:31:16.002Z",
    "updated_at": "2026-03-12T09:31:16.002Z",
    "student": 29,
    "unit": 2,
    "academic_year": 1,
    "trimester": 1,
    "status": "approved",
    "approved_by": null,
    "approved_at": "2026-03-12T09:31:15.448Z"
  }
},
{
  "model": "learning.registration",
  "pk": 32,
  "fields": {
    "created_at": "2026-03-12T09:31:16.005Z",
    "updated_at": "2026-03-12T09:31:16.005Z",
    "student": 29,
    "unit": 3,
    "academic_year": 1,
    "trimester": 1,
    "status": "approved",
    "approved_by": null,
    "approved_at": "2026-03-12T09:31:15.448Z"
  }
},
{
  "model": "learning.registration",
  "pk": 33,
  "fields": {
    "created_at": "2026-03-12T09:31:16.014Z",
    "updated_at": "2026-03-12T09:31:16.014Z",
    "student": 31,
    "unit": 1,
    "academic_year": 1,
    "trimester": 1,
    "status": "approved",
    "approved_by": null,
    "approved_at": "2026-03-12T09:31:15.448Z"
  }
},
{
  "model": "learning.registration",
  "pk": 34,
  "fields": {
    "created_at": "2026-03-12T09:31:16.016Z",
    "updated_at": "2026-03-12T09:31:16.016Z",
    "student": 31,
    "unit": 2,
    "academic_year": 1,
    "trimester": 1,
    "status": "approved",
    "approved_by": null,
    "approved_at": "2026-03-12T09:31:15.448Z"
  }
},
{
  "model": "learning.registration",
  "pk": 35,
  "fields": {
    "created_at": "2026-03-12T09:31:16.022Z",
    "updated_at": "2026-03-12T09:31:16.022Z",
    "student": 31,
    "unit": 3,
    "academic_year": 1,
    "trimester": 1,
    "status": "approved",
    "approved_by": null,
    "approved_at": "2026-03-12T09:31:15.448Z"
  }
},
{
  "model": "learning.registration",
  "pk": 36,
  "fields": {
    "created_at": "2026-03-12T09:31:16.031Z",
    "updated_at": "2026-03-12T09:31:16.031Z",
    "student": 33,
    "unit": 1,
    "academic_year": 2,
    "trimester": 1,
    "status": "approved",
    "approved_by": null,
    "approved_at": "2026-03-12T09:31:15.448Z"
  }
},
{
  "model": "learning.registration",
  "pk": 37,
  "fields": {
    "created_at": "2026-03-12T09:31:16.034Z",
    "updated_at": "2026-03-12T09:31:16.035Z",
    "student": 33,
    "unit": 2,
    "academic_year": 2,
    "trimester": 1,
    "status": "approved",
    "approved_by": null,
    "approved_at": "2026-03-12T09:31:15.448Z"
  }
},
{
  "model": "learning.registration",
  "pk": 38,
  "fields": {
    "created_at": "2026-03-12T09:31:16.039Z",
    "updated_at": "2026-03-12T09:31:16.039Z",
    "student": 33,
    "unit": 3,
    "academic_year": 2,
    "trimester": 1,
    "status": "approved",
    "approved_by": null,
    "approved_at": "2026-03-12T09:31:15.448Z"
  }
},
{
  "model": "learning.registration",
  "pk": 39,
  "fields": {
    "created_at": "2026-03-12T09:31:16.050Z",
    "updated_at": "2026-03-12T09:31:16.050Z",
    "student": 35,
    "unit": 1,
    "academic_year": 2,
    "trimester": 1,
    "status": "approved",
    "approved_by": null,
    "approved_at": "2026-03-12T09:31:15.448Z"
  }
},
{
  "model": "learning.registration",
  "pk": 40,
  "fields": {
    "created_at": "2026-03-12T09:31:16.053Z",
    "updated_at": "2026-03-12T09:31:16.053Z",
    "student": 35,
    "unit": 2,
    "academic_year": 2,
    "trimester": 1,
    "status": "approved",
    "approved_by": null,
    "approved_at": "2026-03-12T09:31:15.448Z"
  }
},
{
  "model": "learning.registration",
  "pk": 41,
  "fields": {
    "created_at": "2026-03-12T09:31:16.055Z",
    "updated_at": "2026-03-12T09:31:16.055Z",
    "student": 35,
    "unit": 3,
    "academic_year": 2,
    "trimester": 1,
    "status": "approved",
    "approved_by": null,
    "approved_at": "2026-03-12T09:31:15.448Z"
  }
},
{
  "model": "learning.registration",
  "pk": 42,
  "fields": {
    "created_at": "2026-03-12T09:31:16.069Z",
    "updated_at": "2026-03-12T09:31:16.069Z",
    "student": 37,
    "unit": 1,
    "academic_year": 2,
    "trimester": 1,
    "status": "approved",
    "approved_by": null,
    "approved_at": "2026-03-12T09:31:15.448Z"
  }
},
{
  "model": "learning.registration",
  "pk": 43,
  "fields": {
    "created_at": "2026-03-12T09:31:16.072Z",
    "updated_at": "2026-03-12T09:31:16.072Z",
    "student": 37,
    "unit": 2,
    "academic_year": 2,
    "trimester": 1,
    "status": "approved",
    "approved_by": null,
    "approved_at": "2026-03-12T09:31:15.448Z"
  }
},
{
  "model": "learning.registration",
  "pk": 44,
  "fields": {
    "created_at": "2026-03-12T09:31:16.074Z",
    "updated_at": "2026-03-12T09:31:16.074Z",
    "student": 37,
    "unit": 3,
    "academic_year": 2,
    "trimester": 1,
    "status": "approved",
    "approved_by": null,
    "approved_at": "2026-03-12T09:31:15.448Z"
  }
},
{
  "model": "learning.registration",
  "pk": 45,
  "fields": {
    "created_at": "2026-03-12T09:31:16.087Z",
    "updated_at": "2026-03-12T09:31:16.087Z",
    "student": 39,
    "unit": 9,
    "academic_year": 1,
    "trimester": 1,
    "status": "approved",
    "approved_by": null,
    "approved_at": "2026-03-12T09:31:15.448Z"
  }
},
{
  "model": "learning.registration",
  "pk": 46,
  "fields": {
    "created_at": "2026-03-12T09:31:16.097Z",
    "updated_at": "2026-03-12T09:31:16.097Z",
    "student": 41,
    "unit": 9,
    "academic_year": 1,
    "trimester": 1,
    "status": "approved",
    "approved_by": null,
    "approved_at": "2026-03-12T09:31:15.448Z"
  }
},
{
  "model": "learning.registration",
  "pk": 47,
  "fields": {
    "created_at": "2026-03-12T09:31:16.110Z",
    "updated_at": "2026-03-12T09:31:16.110Z",
    "student": 43,
    "unit": 9,
    "academic_year": 1,
    "trimester": 1,
    "status": "approved",
    "approved_by": null,
    "approved_at": "2026-03-12T09:31:15.448Z"
  }
},
{
  "model": "learning.registration",
  "pk": 48,
  "fields": {
    "created_at": "2026-03-19T07:17:03.279Z",
    "updated_at": "2026-03-19T07:17:03.279Z",
    "student": 27,
    "unit": 1,
    "academic_year": 2025,
    "trimester": 1,
    "status": "approved",
    "approved_by": null,
    "approved_at": "2026-03-19T07:17:03.278Z"
  }
},
{
  "model": "learning.registration",
  "pk": 49,
  "fields": {
    "created_at": "2026-03-19T07:17:03.283Z",
    "updated_at": "2026-03-19T07:17:03.283Z",
    "student": 27,
    "unit": 2,
    "academic_year": 2025,
    "trimester": 1,
    "status": "approved",
    "approved_by": null,
    "approved_at": "2026-03-19T07:17:03.282Z"
  }
},
{
  "model": "learning.registration",
  "pk": 50,
  "fields": {
    "created_at": "2026-03-19T07:17:03.287Z",
    "updated_at": "2026-03-19T07:17:03.287Z",
    "student": 27,
    "unit": 3,
    "academic_year": 2025,
    "trimester": 1,
    "status": "approved",
    "approved_by": null,
    "approved_at": "2026-03-19T07:17:03.286Z"
  }
},
{
  "model": "learning.registration",
  "pk": 51,
  "fields": {
    "created_at": "2026-03-19T07:17:03.319Z",
    "updated_at": "2026-03-19T07:17:03.319Z",
    "student": 29,
    "unit": 1,
    "academic_year": 2025,
    "trimester": 1,
    "status": "approved",
    "approved_by": null,
    "approved_at": "2026-03-19T07:17:03.318Z"
  }
},
{
  "model": "learning.registration",
  "pk": 52,
  "fields": {
    "created_at": "2026-03-19T07:17:03.323Z",
    "updated_at": "2026-03-19T07:17:03.323Z",
    "student": 29,
    "unit": 2,
    "academic_year": 2025,
    "trimester": 1,
    "status": "approved",
    "approved_by": null,
    "approved_at": "2026-03-19T07:17:03.322Z"
  }
},
{
  "model": "learning.registration",
  "pk": 53,
  "fields": {
    "created_at": "2026-03-19T07:17:03.328Z",
    "updated_at": "2026-03-19T07:17:03.328Z",
    "student": 29,
    "unit": 3,
    "academic_year": 2025,
    "trimester": 1,
    "status": "approved",
    "approved_by": null,
    "approved_at": "2026-03-19T07:17:03.327Z"
  }
},
{
  "model": "learning.registration",
  "pk": 54,
  "fields": {
    "created_at": "2026-03-19T07:17:03.367Z",
    "updated_at": "2026-03-19T07:17:03.367Z",
    "student": 31,
    "unit": 1,
    "academic_year": 2025,
    "trimester": 1,
    "status": "approved",
    "approved_by": null,
    "approved_at": "2026-03-19T07:17:03.366Z"
  }
},
{
  "model": "learning.registration",
  "pk": 55,
  "fields": {
    "created_at": "2026-03-19T07:17:03.371Z",
    "updated_at": "2026-03-19T07:17:03.371Z",
    "student": 31,
    "unit": 2,
    "academic_year": 2025,
    "trimester": 1,
    "status": "approved",
    "approved_by": null,
    "approved_at": "2026-03-19T07:17:03.370Z"
  }
},
{
  "model": "learning.registration",
  "pk": 56,
  "fields": {
    "created_at": "2026-03-19T07:17:03.374Z",
    "updated_at": "2026-03-19T07:17:03.374Z",
    "student": 31,
    "unit": 3,
    "academic_year": 2025,
    "trimester": 1,
    "status": "approved",
    "approved_by": null,
    "approved_at": "2026-03-19T07:17:03.373Z"
  }
},
{
  "model": "learning.registration",
  "pk": 57,
  "fields": {
    "created_at": "2026-03-19T07:17:03.401Z",
    "updated_at": "2026-03-19T07:17:03.401Z",
    "student": 33,
    "unit": 1,
    "academic_year": 2025,
    "trimester": 1,
    "status": "approved",
    "approved_by": null,
    "approved_at": "2026-03-19T07:17:03.400Z"
  }
},
{
  "model": "learning.registration",
  "pk": 58,
  "fields": {
    "created_at": "2026-03-19T07:17:03.405Z",
    "updated_at": "2026-03-19T07:17:03.405Z",
    "student": 33,
    "unit": 2,
    "academic_year": 2025,
    "trimester": 1,
    "status": "approved",
    "approved_by": null,
    "approved_at": "2026-03-19T07:17:03.404Z"
  }
},
{
  "model": "learning.registration",
  "pk": 59,
  "fields": {
    "created_at": "2026-03-19T07:17:03.408Z",
    "updated_at": "2026-03-19T07:17:03.408Z",
    "student": 33,
    "unit": 3,
    "academic_year": 2025,
    "trimester": 1,
    "status": "approved",
    "approved_by": null,
    "approved_at": "2026-03-19T07:17:03.407Z"
  }
},
{
  "model": "learning.registration",
  "pk": 60,
  "fields": {
    "created_at": "2026-03-19T07:17:03.441Z",
    "updated_at": "2026-03-19T07:17:03.441Z",
    "student": 35,
    "unit": 1,
    "academic_year": 2025,
    "trimester": 1,
    "status": "approved",
    "approved_by": null,
    "approved_at": "2026-03-19T07:17:03.440Z"
  }
},
{
  "model": "learning.registration",
  "pk": 61,
  "fields": {
    "created_at": "2026-03-19T07:17:03.444Z",
    "updated_at": "2026-03-19T07:17:03.444Z",
    "student": 35,
    "unit": 2,
    "academic_year": 2025,
    "trimester": 1,
    "status": "approved",
    "approved_by": null,
    "approved_at": "2026-03-19T07:17:03.443Z"
  }
},
{
  "model": "learning.registration",
  "pk": 62,
  "fields": {
    "created_at": "2026-03-19T07:17:03.448Z",
    "updated_at": "2026-03-19T07:17:03.448Z",
    "student": 35,
    "unit": 3,
    "academic_year": 2025,
    "trimester": 1,
    "status": "approved",
    "approved_by": null,
    "approved_at": "2026-03-19T07:17:03.446Z"
  }
},
{
  "model": "learning.registration",
  "pk": 63,
  "fields": {
    "created_at": "2026-03-19T07:17:03.479Z",
    "updated_at": "2026-03-19T07:17:03.479Z",
    "student": 37,
    "unit": 1,
    "academic_year": 2025,
    "trimester": 1,
    "status": "approved",
    "approved_by": null,
    "approved_at": "2026-03-19T07:17:03.478Z"
  }
},
{
  "model": "learning.registration",
  "pk": 64,
  "fields": {
    "created_at": "2026-03-19T07:17:03.482Z",
    "updated_at": "2026-03-19T07:17:03.482Z",
    "student": 37,
    "unit": 2,
    "academic_year": 2025,
    "trimester": 1,
    "status": "approved",
    "approved_by": null,
    "approved_at": "2026-03-19T07:17:03.481Z"
  }
},
{
  "model": "learning.registration",
  "pk": 65,
  "fields": {
    "created_at": "2026-03-19T07:17:03.486Z",
    "updated_at": "2026-03-19T07:17:03.486Z",
    "student": 37,
    "unit": 3,
    "academic_year": 2025,
    "trimester": 1,
    "status": "approved",
    "approved_by": null,
    "approved_at": "2026-03-19T07:17:03.485Z"
  }
},
{
  "model": "learning.registration",
  "pk": 66,
  "fields": {
    "created_at": "2026-03-19T07:17:03.518Z",
    "updated_at": "2026-03-19T07:17:03.518Z",
    "student": 13,
    "unit": 22,
    "academic_year": 2,
    "trimester": 1,
    "status": "approved",
    "approved_by": null,
    "approved_at": "2026-03-19T07:17:03.517Z"
  }
},
{
  "model": "learning.registration",
  "pk": 67,
  "fields": {
    "created_at": "2026-03-19T07:17:03.521Z",
    "updated_at": "2026-03-19T07:17:03.521Z",
    "student": 13,
    "unit": 23,
    "academic_year": 2,
    "trimester": 1,
    "status": "approved",
    "approved_by": null,
    "approved_at": "2026-03-19T07:17:03.520Z"
  }
},
{
  "model": "learning.registration",
  "pk": 68,
  "fields": {
    "created_at": "2026-03-19T07:17:03.526Z",
    "updated_at": "2026-03-19T07:17:03.526Z",
    "student": 13,
    "unit": 24,
    "academic_year": 2,
    "trimester": 1,
    "status": "approved",
    "approved_by": null,
    "approved_at": "2026-03-19T07:17:03.524Z"
  }
},
{
  "model": "learning.registration",
  "pk": 69,
  "fields": {
    "created_at": "2026-03-19T07:17:03.572Z",
    "updated_at": "2026-03-19T07:40:08.553Z",
    "student": 15,
    "unit": 22,
    "academic_year": 2,
    "trimester": 1,
    "status": "approved",
    "approved_by": 8,
    "approved_at": "2026-03-19T07:40:08.553Z"
  }
},
{
  "model": "learning.registration",
  "pk": 70,
  "fields": {
    "created_at": "2026-03-19T07:17:03.579Z",
    "updated_at": "2026-03-19T07:17:03.813Z",
    "student": 15,
    "unit": 23,
    "academic_year": 2,
    "trimester": 1,
    "status": "pending_hod",
    "approved_by": null,
    "approved_at": null
  }
},
{
  "model": "learning.registration",
  "pk": 71,
  "fields": {
    "created_at": "2026-03-19T07:17:03.582Z",
    "updated_at": "2026-03-19T07:17:03.582Z",
    "student": 15,
    "unit": 24,
    "academic_year": 2,
    "trimester": 1,
    "status": "approved",
    "approved_by": null,
    "approved_at": "2026-03-19T07:17:03.581Z"
  }
},
{
  "model": "learning.registration",
  "pk": 72,
  "fields": {
    "created_at": "2026-03-19T07:17:03.616Z",
    "updated_at": "2026-03-19T07:17:03.616Z",
    "student": 17,
    "unit": 22,
    "academic_year": 2,
    "trimester": 1,
    "status": "approved",
    "approved_by": null,
    "approved_at": "2026-03-19T07:17:03.615Z"
  }
},
{
  "model": "learning.registration",
  "pk": 73,
  "fields": {
    "created_at": "2026-03-19T07:17:03.620Z",
    "updated_at": "2026-03-19T07:17:03.620Z",
    "student": 17,
    "unit": 23,
    "academic_year": 2,
    "trimester": 1,
    "status": "approved",
    "approved_by": null,
    "approved_at": "2026-03-19T07:17:03.619Z"
  }
},
{
  "model": "learning.registration",
  "pk": 74,
  "fields": {
    "created_at": "2026-03-19T07:17:03.625Z",
    "updated_at": "2026-03-19T07:17:03.625Z",
    "student": 17,
    "unit": 24,
    "academic_year": 2,
    "trimester": 1,
    "status": "approved",
    "approved_by": null,
    "approved_at": "2026-03-19T07:17:03.624Z"
  }
},
{
  "model": "learning.registration",
  "pk": 75,
  "fields": {
    "created_at": "2026-03-19T07:17:03.649Z",
    "updated_at": "2026-03-19T07:17:03.649Z",
    "student": 19,
    "unit": 22,
    "academic_year": 2,
    "trimester": 1,
    "status": "approved",
    "approved_by": null,
    "approved_at": "2026-03-19T07:17:03.648Z"
  }
},
{
  "model": "learning.registration",
  "pk": 76,
  "fields": {
    "created_at": "2026-03-19T07:17:03.654Z",
    "updated_at": "2026-03-19T07:17:03.655Z",
    "student": 19,
    "unit": 23,
    "academic_year": 2,
    "trimester": 1,
    "status": "approved",
    "approved_by": null,
    "approved_at": "2026-03-19T07:17:03.653Z"
  }
},
{
  "model": "learning.registration",
  "pk": 77,
  "fields": {
    "created_at": "2026-03-19T07:17:03.659Z",
    "updated_at": "2026-03-19T07:17:03.659Z",
    "student": 19,
    "unit": 24,
    "academic_year": 2,
    "trimester": 1,
    "status": "approved",
    "approved_by": null,
    "approved_at": "2026-03-19T07:17:03.657Z"
  }
},
{
  "model": "learning.lecturerassignment",
  "pk": 1,
  "fields": {
    "created_at": "2025-11-19T11:28:49.431Z",
    "updated_at": "2025-11-19T11:28:49.431Z",
    "lecturer": 3,
    "unit": 1,
    "academic_year": 2025,
    "trimester": 1
  }
},
{
  "model": "learning.lecturerassignment",
  "pk": 2,
  "fields": {
    "created_at": "2025-11-19T11:28:49.433Z",
    "updated_at": "2025-11-19T11:28:49.433Z",
    "lecturer": 3,
    "unit": 2,
    "academic_year": 2025,
    "trimester": 1
  }
},
{
  "model": "learning.lecturerassignment",
  "pk": 3,
  "fields": {
    "created_at": "2025-11-19T11:28:49.434Z",
    "updated_at": "2025-11-19T11:28:49.434Z",
    "lecturer": 4,
    "unit": 3,
    "academic_year": 2025,
    "trimester": 1
  }
},
{
  "model": "learning.lecturerassignment",
  "pk": 4,
  "fields": {
    "created_at": "2026-03-12T09:30:31.760Z",
    "updated_at": "2026-03-12T09:31:15.456Z",
    "lecturer": 3,
    "unit": 10,
    "academic_year": 1,
    "trimester": 1
  }
},
{
  "model": "learning.lecturerassignment",
  "pk": 5,
  "fields": {
    "created_at": "2026-03-12T09:30:31.766Z",
    "updated_at": "2026-03-12T09:31:15.462Z",
    "lecturer": 4,
    "unit": 11,
    "academic_year": 1,
    "trimester": 1
  }
},
{
  "model": "learning.lecturerassignment",
  "pk": 6,
  "fields": {
    "created_at": "2026-03-12T09:30:31.773Z",
    "updated_at": "2026-03-12T09:31:15.467Z",
    "lecturer": 3,
    "unit": 12,
    "academic_year": 1,
    "trimester": 1
  }
},
{
  "model": "learning.lecturerassignment",
  "pk": 7,
  "fields": {
    "created_at": "2026-03-12T09:30:31.780Z",
    "updated_at": "2026-03-12T09:31:15.474Z",
    "lecturer": 4,
    "unit": 13,
    "academic_year": 1,
    "trimester": 1
  }
},
{
  "model": "learning.lecturerassignment",
  "pk": 8,
  "fields": {
    "created_at": "2026-03-12T09:30:31.786Z",
    "updated_at": "2026-03-12T09:31:15.479Z",
    "lecturer": 3,
    "unit": 22,
    "academic_year": 1,
    "trimester": 1
  }
},
{
  "model": "learning.lecturerassignment",
  "pk": 9,
  "fields": {
    "created_at": "2026-03-12T09:30:31.793Z",
    "updated_at": "2026-03-12T09:31:15.487Z",
    "lecturer": 4,
    "unit": 23,
    "academic_year": 1,
    "trimester": 1
  }
},
{
  "model": "learning.lecturerassignment",
  "pk": 10,
  "fields": {
    "created_at": "2026-03-12T09:30:31.798Z",
    "updated_at": "2026-03-12T09:31:15.495Z",
    "lecturer": 3,
    "unit": 24,
    "academic_year": 1,
    "trimester": 1
  }
},
{
  "model": "learning.lecturerassignment",
  "pk": 11,
  "fields": {
    "created_at": "2026-03-12T09:30:31.806Z",
    "updated_at": "2026-03-12T09:31:15.500Z",
    "lecturer": 4,
    "unit": 25,
    "academic_year": 1,
    "trimester": 1
  }
},
{
  "model": "learning.lecturerassignment",
  "pk": 12,
  "fields": {
    "created_at": "2026-03-12T09:30:31.812Z",
    "updated_at": "2026-03-12T09:31:15.507Z",
    "lecturer": 3,
    "unit": 14,
    "academic_year": 1,
    "trimester": 2
  }
},
{
  "model": "learning.lecturerassignment",
  "pk": 13,
  "fields": {
    "created_at": "2026-03-12T09:30:31.818Z",
    "updated_at": "2026-03-12T09:31:15.512Z",
    "lecturer": 4,
    "unit": 15,
    "academic_year": 1,
    "trimester": 2
  }
},
{
  "model": "learning.lecturerassignment",
  "pk": 14,
  "fields": {
    "created_at": "2026-03-12T09:30:31.825Z",
    "updated_at": "2026-03-12T09:31:15.519Z",
    "lecturer": 3,
    "unit": 16,
    "academic_year": 1,
    "trimester": 2
  }
},
{
  "model": "learning.lecturerassignment",
  "pk": 15,
  "fields": {
    "created_at": "2026-03-12T09:30:31.830Z",
    "updated_at": "2026-03-12T09:31:15.525Z",
    "lecturer": 4,
    "unit": 17,
    "academic_year": 1,
    "trimester": 2
  }
},
{
  "model": "learning.lecturerassignment",
  "pk": 16,
  "fields": {
    "created_at": "2026-03-12T09:30:31.836Z",
    "updated_at": "2026-03-12T09:31:15.531Z",
    "lecturer": 3,
    "unit": 26,
    "academic_year": 1,
    "trimester": 2
  }
},
{
  "model": "learning.lecturerassignment",
  "pk": 17,
  "fields": {
    "created_at": "2026-03-12T09:30:31.843Z",
    "updated_at": "2026-03-12T09:31:15.539Z",
    "lecturer": 4,
    "unit": 27,
    "academic_year": 1,
    "trimester": 2
  }
},
{
  "model": "learning.lecturerassignment",
  "pk": 18,
  "fields": {
    "created_at": "2026-03-12T09:30:31.848Z",
    "updated_at": "2026-03-12T09:31:15.544Z",
    "lecturer": 3,
    "unit": 28,
    "academic_year": 1,
    "trimester": 2
  }
},
{
  "model": "learning.lecturerassignment",
  "pk": 19,
  "fields": {
    "created_at": "2026-03-12T09:30:31.855Z",
    "updated_at": "2026-03-12T09:31:15.549Z",
    "lecturer": 4,
    "unit": 29,
    "academic_year": 1,
    "trimester": 2
  }
},
{
  "model": "learning.lecturerassignment",
  "pk": 20,
  "fields": {
    "created_at": "2026-03-12T09:30:31.861Z",
    "updated_at": "2026-03-12T09:31:15.558Z",
    "lecturer": 3,
    "unit": 18,
    "academic_year": 1,
    "trimester": 3
  }
},
{
  "model": "learning.lecturerassignment",
  "pk": 21,
  "fields": {
    "created_at": "2026-03-12T09:30:31.866Z",
    "updated_at": "2026-03-12T09:31:15.563Z",
    "lecturer": 4,
    "unit": 19,
    "academic_year": 1,
    "trimester": 3
  }
},
{
  "model": "learning.lecturerassignment",
  "pk": 22,
  "fields": {
    "created_at": "2026-03-12T09:30:31.874Z",
    "updated_at": "2026-03-12T09:31:15.569Z",
    "lecturer": 3,
    "unit": 20,
    "academic_year": 1,
    "trimester": 3
  }
},
{
  "model": "learning.lecturerassignment",
  "pk": 23,
  "fields": {
    "created_at": "2026-03-12T09:30:31.882Z",
    "updated_at": "2026-03-12T09:31:15.577Z",
    "lecturer": 4,
    "unit": 21,
    "academic_year": 1,
    "trimester": 3
  }
},
{
  "model": "learning.lecturerassignment",
  "pk": 24,
  "fields": {
    "created_at": "2026-03-12T09:30:31.890Z",
    "updated_at": "2026-03-12T09:31:15.582Z",
    "lecturer": 3,
    "unit": 30,
    "academic_year": 1,
    "trimester": 3
  }
},
{
  "model": "learning.lecturerassignment",
  "pk": 25,
  "fields": {
    "created_at": "2026-03-12T09:30:31.897Z",
    "updated_at": "2026-03-12T09:31:15.589Z",
    "lecturer": 4,
    "unit": 31,
    "academic_year": 1,
    "trimester": 3
  }
},
{
  "model": "learning.lecturerassignment",
  "pk": 26,
  "fields": {
    "created_at": "2026-03-12T09:30:31.903Z",
    "updated_at": "2026-03-12T09:31:15.594Z",
    "lecturer": 3,
    "unit": 32,
    "academic_year": 1,
    "trimester": 3
  }
},
{
  "model": "learning.lecturerassignment",
  "pk": 27,
  "fields": {
    "created_at": "2026-03-12T09:30:31.909Z",
    "updated_at": "2026-03-12T09:31:15.600Z",
    "lecturer": 4,
    "unit": 33,
    "academic_year": 1,
    "trimester": 3
  }
},
{
  "model": "learning.lecturerassignment",
  "pk": 28,
  "fields": {
    "created_at": "2026-03-12T09:30:31.994Z",
    "updated_at": "2026-03-12T09:31:15.689Z",
    "lecturer": 3,
    "unit": 1,
    "academic_year": 1,
    "trimester": 1
  }
},
{
  "model": "learning.lecturerassignment",
  "pk": 29,
  "fields": {
    "created_at": "2026-03-12T09:30:31.999Z",
    "updated_at": "2026-03-12T09:31:15.695Z",
    "lecturer": 4,
    "unit": 2,
    "academic_year": 1,
    "trimester": 1
  }
},
{
  "model": "learning.lecturerassignment",
  "pk": 30,
  "fields": {
    "created_at": "2026-03-12T09:30:32.006Z",
    "updated_at": "2026-03-12T09:31:15.701Z",
    "lecturer": 3,
    "unit": 3,
    "academic_year": 1,
    "trimester": 1
  }
},
{
  "model": "learning.lecturerassignment",
  "pk": 31,
  "fields": {
    "created_at": "2026-03-12T09:30:32.011Z",
    "updated_at": "2026-03-12T09:31:15.707Z",
    "lecturer": 4,
    "unit": 4,
    "academic_year": 1,
    "trimester": 2
  }
},
{
  "model": "learning.lecturerassignment",
  "pk": 32,
  "fields": {
    "created_at": "2026-03-12T09:30:32.016Z",
    "updated_at": "2026-03-12T09:31:15.712Z",
    "lecturer": 3,
    "unit": 5,
    "academic_year": 1,
    "trimester": 2
  }
},
{
  "model": "learning.lecturerassignment",
  "pk": 33,
  "fields": {
    "created_at": "2026-03-12T09:30:32.025Z",
    "updated_at": "2026-03-12T09:31:15.719Z",
    "lecturer": 4,
    "unit": 6,
    "academic_year": 1,
    "trimester": 3
  }
},
{
  "model": "learning.lecturerassignment",
  "pk": 34,
  "fields": {
    "created_at": "2026-03-12T09:30:32.031Z",
    "updated_at": "2026-03-12T09:31:15.727Z",
    "lecturer": 3,
    "unit": 7,
    "academic_year": 1,
    "trimester": 4
  }
},
{
  "model": "learning.lecturerassignment",
  "pk": 35,
  "fields": {
    "created_at": "2026-03-12T09:30:32.038Z",
    "updated_at": "2026-03-12T09:31:15.733Z",
    "lecturer": 4,
    "unit": 8,
    "academic_year": 1,
    "trimester": 4
  }
},
{
  "model": "learning.lecturerassignment",
  "pk": 36,
  "fields": {
    "created_at": "2026-03-12T09:30:32.118Z",
    "updated_at": "2026-03-12T09:31:15.821Z",
    "lecturer": 3,
    "unit": 9,
    "academic_year": 1,
    "trimester": 1
  }
},
{
  "model": "learning.lecturerassignment",
  "pk": 37,
  "fields": {
    "created_at": "2026-03-19T07:17:03.534Z",
    "updated_at": "2026-03-19T07:17:03.534Z",
    "lecturer": 3,
    "unit": 22,
    "academic_year": 2,
    "trimester": 1
  }
},
{
  "model": "learning.lecturerassignment",
  "pk": 38,
  "fields": {
    "created_at": "2026-03-19T07:17:03.548Z",
    "updated_at": "2026-03-19T07:17:03.548Z",
    "lecturer": 3,
    "unit": 23,
    "academic_year": 2,
    "trimester": 1
  }
},
{
  "model": "learning.lecturerassignment",
  "pk": 39,
  "fields": {
    "created_at": "2026-03-19T07:17:03.557Z",
    "updated_at": "2026-03-19T07:17:03.557Z",
    "lecturer": 3,
    "unit": 24,
    "academic_year": 2,
    "trimester": 1
  }
},
{
  "model": "learning.lecturerassignment",
  "pk": 40,
  "fields": {
    "created_at": "2026-03-19T07:17:03.689Z",
    "updated_at": "2026-03-19T07:17:03.689Z",
    "lecturer": 3,
    "unit": 10,
    "academic_year": 2,
    "trimester": 1
  }
},
{
  "model": "learning.lecturerassignment",
  "pk": 41,
  "fields": {
    "created_at": "2026-03-19T07:17:03.706Z",
    "updated_at": "2026-03-19T07:17:03.706Z",
    "lecturer": 3,
    "unit": 11,
    "academic_year": 2,
    "trimester": 1
  }
},
{
  "model": "learning.lecturerassignment",
  "pk": 42,
  "fields": {
    "created_at": "2026-03-19T07:17:03.719Z",
    "updated_at": "2026-03-19T07:17:03.719Z",
    "lecturer": 3,
    "unit": 12,
    "academic_year": 2,
    "trimester": 1
  }
},
{
  "model": "learning.timetable",
  "pk": 1,
  "fields": {
    "created_at": "2026-03-12T09:30:31.914Z",
    "updated_at": "2026-03-12T09:31:15.609Z",
    "programme": 3,
    "unit": 10,
    "lecturer": 3,
    "room": "Room 101",
    "start_datetime": "2026-03-09T09:00:00Z",
    "end_datetime": "2026-03-09T11:00:00Z"
  }
},
{
  "model": "learning.timetable",
  "pk": 2,
  "fields": {
    "created_at": "2026-03-12T09:30:31.916Z",
    "updated_at": "2026-03-12T09:31:15.611Z",
    "programme": 3,
    "unit": 11,
    "lecturer": 4,
    "room": "Room 102",
    "start_datetime": "2026-03-10T10:00:00Z",
    "end_datetime": "2026-03-10T12:00:00Z"
  }
},
{
  "model": "learning.timetable",
  "pk": 3,
  "fields": {
    "created_at": "2026-03-12T09:30:31.918Z",
    "updated_at": "2026-03-12T09:31:15.613Z",
    "programme": 3,
    "unit": 12,
    "lecturer": 3,
    "room": "Room 103",
    "start_datetime": "2026-03-11T11:00:00Z",
    "end_datetime": "2026-03-11T13:00:00Z"
  }
},
{
  "model": "learning.timetable",
  "pk": 4,
  "fields": {
    "created_at": "2026-03-12T09:30:31.921Z",
    "updated_at": "2026-03-12T09:31:15.615Z",
    "programme": 3,
    "unit": 13,
    "lecturer": 4,
    "room": "Room 104",
    "start_datetime": "2026-03-12T12:00:00Z",
    "end_datetime": "2026-03-12T14:00:00Z"
  }
},
{
  "model": "learning.timetable",
  "pk": 5,
  "fields": {
    "created_at": "2026-03-12T09:30:31.923Z",
    "updated_at": "2026-03-12T09:31:15.619Z",
    "programme": 3,
    "unit": 22,
    "lecturer": 3,
    "room": "Room 105",
    "start_datetime": "2026-03-13T13:00:00Z",
    "end_datetime": "2026-03-13T15:00:00Z"
  }
},
{
  "model": "learning.timetable",
  "pk": 6,
  "fields": {
    "created_at": "2026-03-12T09:30:31.925Z",
    "updated_at": "2026-03-12T09:31:15.622Z",
    "programme": 3,
    "unit": 23,
    "lecturer": 4,
    "room": "Room 106",
    "start_datetime": "2026-03-14T14:00:00Z",
    "end_datetime": "2026-03-14T16:00:00Z"
  }
},
{
  "model": "learning.timetable",
  "pk": 7,
  "fields": {
    "created_at": "2026-03-12T09:30:31.927Z",
    "updated_at": "2026-03-12T09:31:15.624Z",
    "programme": 3,
    "unit": 10,
    "lecturer": 4,
    "room": "Room 101",
    "start_datetime": "2026-03-16T09:00:00Z",
    "end_datetime": "2026-03-16T11:00:00Z"
  }
},
{
  "model": "learning.timetable",
  "pk": 8,
  "fields": {
    "created_at": "2026-03-12T09:30:31.928Z",
    "updated_at": "2026-03-12T09:31:15.626Z",
    "programme": 3,
    "unit": 11,
    "lecturer": 3,
    "room": "Room 102",
    "start_datetime": "2026-03-17T10:00:00Z",
    "end_datetime": "2026-03-17T12:00:00Z"
  }
},
{
  "model": "learning.timetable",
  "pk": 9,
  "fields": {
    "created_at": "2026-03-12T09:30:31.930Z",
    "updated_at": "2026-03-12T09:31:15.628Z",
    "programme": 3,
    "unit": 12,
    "lecturer": 4,
    "room": "Room 103",
    "start_datetime": "2026-03-18T11:00:00Z",
    "end_datetime": "2026-03-18T13:00:00Z"
  }
},
{
  "model": "learning.timetable",
  "pk": 10,
  "fields": {
    "created_at": "2026-03-12T09:30:31.932Z",
    "updated_at": "2026-03-12T09:31:15.630Z",
    "programme": 3,
    "unit": 13,
    "lecturer": 3,
    "room": "Room 104",
    "start_datetime": "2026-03-19T12:00:00Z",
    "end_datetime": "2026-03-19T14:00:00Z"
  }
},
{
  "model": "learning.timetable",
  "pk": 11,
  "fields": {
    "created_at": "2026-03-12T09:30:31.934Z",
    "updated_at": "2026-03-12T09:31:15.632Z",
    "programme": 3,
    "unit": 22,
    "lecturer": 4,
    "room": "Room 105",
    "start_datetime": "2026-03-20T13:00:00Z",
    "end_datetime": "2026-03-20T15:00:00Z"
  }
},
{
  "model": "learning.timetable",
  "pk": 12,
  "fields": {
    "created_at": "2026-03-12T09:30:31.937Z",
    "updated_at": "2026-03-12T09:31:15.634Z",
    "programme": 3,
    "unit": 23,
    "lecturer": 3,
    "room": "Room 106",
    "start_datetime": "2026-03-21T14:00:00Z",
    "end_datetime": "2026-03-21T16:00:00Z"
  }
},
{
  "model": "learning.timetable",
  "pk": 13,
  "fields": {
    "created_at": "2026-03-12T09:30:31.939Z",
    "updated_at": "2026-03-12T09:31:15.636Z",
    "programme": 3,
    "unit": 10,
    "lecturer": 3,
    "room": "Room 101",
    "start_datetime": "2026-03-23T09:00:00Z",
    "end_datetime": "2026-03-23T11:00:00Z"
  }
},
{
  "model": "learning.timetable",
  "pk": 14,
  "fields": {
    "created_at": "2026-03-12T09:30:31.942Z",
    "updated_at": "2026-03-12T09:31:15.638Z",
    "programme": 3,
    "unit": 11,
    "lecturer": 4,
    "room": "Room 102",
    "start_datetime": "2026-03-24T10:00:00Z",
    "end_datetime": "2026-03-24T12:00:00Z"
  }
},
{
  "model": "learning.timetable",
  "pk": 15,
  "fields": {
    "created_at": "2026-03-12T09:30:31.944Z",
    "updated_at": "2026-03-12T09:31:15.640Z",
    "programme": 3,
    "unit": 12,
    "lecturer": 3,
    "room": "Room 103",
    "start_datetime": "2026-03-25T11:00:00Z",
    "end_datetime": "2026-03-25T13:00:00Z"
  }
},
{
  "model": "learning.timetable",
  "pk": 16,
  "fields": {
    "created_at": "2026-03-12T09:30:31.946Z",
    "updated_at": "2026-03-12T09:31:15.642Z",
    "programme": 3,
    "unit": 13,
    "lecturer": 4,
    "room": "Room 104",
    "start_datetime": "2026-03-26T12:00:00Z",
    "end_datetime": "2026-03-26T14:00:00Z"
  }
},
{
  "model": "learning.timetable",
  "pk": 17,
  "fields": {
    "created_at": "2026-03-12T09:30:31.948Z",
    "updated_at": "2026-03-12T09:31:15.643Z",
    "programme": 3,
    "unit": 22,
    "lecturer": 3,
    "room": "Room 105",
    "start_datetime": "2026-03-27T13:00:00Z",
    "end_datetime": "2026-03-27T15:00:00Z"
  }
},
{
  "model": "learning.timetable",
  "pk": 18,
  "fields": {
    "created_at": "2026-03-12T09:30:31.949Z",
    "updated_at": "2026-03-12T09:31:15.645Z",
    "programme": 3,
    "unit": 23,
    "lecturer": 4,
    "room": "Room 106",
    "start_datetime": "2026-03-28T14:00:00Z",
    "end_datetime": "2026-03-28T16:00:00Z"
  }
},
{
  "model": "learning.timetable",
  "pk": 19,
  "fields": {
    "created_at": "2026-03-12T09:30:31.951Z",
    "updated_at": "2026-03-12T09:31:15.647Z",
    "programme": 3,
    "unit": 10,
    "lecturer": 4,
    "room": "Room 101",
    "start_datetime": "2026-03-30T09:00:00Z",
    "end_datetime": "2026-03-30T11:00:00Z"
  }
},
{
  "model": "learning.timetable",
  "pk": 20,
  "fields": {
    "created_at": "2026-03-12T09:30:31.954Z",
    "updated_at": "2026-03-12T09:31:15.649Z",
    "programme": 3,
    "unit": 11,
    "lecturer": 3,
    "room": "Room 102",
    "start_datetime": "2026-03-31T10:00:00Z",
    "end_datetime": "2026-03-31T12:00:00Z"
  }
},
{
  "model": "learning.timetable",
  "pk": 21,
  "fields": {
    "created_at": "2026-03-12T09:30:31.957Z",
    "updated_at": "2026-03-12T09:31:15.652Z",
    "programme": 3,
    "unit": 12,
    "lecturer": 4,
    "room": "Room 103",
    "start_datetime": "2026-04-01T11:00:00Z",
    "end_datetime": "2026-04-01T13:00:00Z"
  }
},
{
  "model": "learning.timetable",
  "pk": 22,
  "fields": {
    "created_at": "2026-03-12T09:30:31.959Z",
    "updated_at": "2026-03-12T09:31:15.655Z",
    "programme": 3,
    "unit": 13,
    "lecturer": 3,
    "room": "Room 104",
    "start_datetime": "2026-04-02T12:00:00Z",
    "end_datetime": "2026-04-02T14:00:00Z"
  }
},
{
  "model": "learning.timetable",
  "pk": 23,
  "fields": {
    "created_at": "2026-03-12T09:30:31.960Z",
    "updated_at": "2026-03-12T09:31:15.657Z",
    "programme": 3,
    "unit": 22,
    "lecturer": 4,
    "room": "Room 105",
    "start_datetime": "2026-04-03T13:00:00Z",
    "end_datetime": "2026-04-03T15:00:00Z"
  }
},
{
  "model": "learning.timetable",
  "pk": 24,
  "fields": {
    "created_at": "2026-03-12T09:30:31.962Z",
    "updated_at": "2026-03-12T09:31:15.659Z",
    "programme": 3,
    "unit": 23,
    "lecturer": 3,
    "room": "Room 106",
    "start_datetime": "2026-04-04T14:00:00Z",
    "end_datetime": "2026-04-04T16:00:00Z"
  }
},
{
  "model": "learning.timetable",
  "pk": 25,
  "fields": {
    "created_at": "2026-03-12T09:30:31.964Z",
    "updated_at": "2026-03-12T09:31:15.661Z",
    "programme": 3,
    "unit": 10,
    "lecturer": 3,
    "room": "Room 101",
    "start_datetime": "2026-04-06T09:00:00Z",
    "end_datetime": "2026-04-06T11:00:00Z"
  }
},
{
  "model": "learning.timetable",
  "pk": 26,
  "fields": {
    "created_at": "2026-03-12T09:30:31.966Z",
    "updated_at": "2026-03-12T09:31:15.662Z",
    "programme": 3,
    "unit": 11,
    "lecturer": 4,
    "room": "Room 102",
    "start_datetime": "2026-04-07T10:00:00Z",
    "end_datetime": "2026-04-07T12:00:00Z"
  }
},
{
  "model": "learning.timetable",
  "pk": 27,
  "fields": {
    "created_at": "2026-03-12T09:30:31.967Z",
    "updated_at": "2026-03-12T09:31:15.664Z",
    "programme": 3,
    "unit": 12,
    "lecturer": 3,
    "room": "Room 103",
    "start_datetime": "2026-04-08T11:00:00Z",
    "end_datetime": "2026-04-08T13:00:00Z"
  }
},
{
  "model": "learning.timetable",
  "pk": 28,
  "fields": {
    "created_at": "2026-03-12T09:30:31.970Z",
    "updated_at": "2026-03-12T09:31:15.666Z",
    "programme": 3,
    "unit": 13,
    "lecturer": 4,
    "room": "Room 104",
    "start_datetime": "2026-04-09T12:00:00Z",
    "end_datetime": "2026-04-09T14:00:00Z"
  }
},
{
  "model": "learning.timetable",
  "pk": 29,
  "fields": {
    "created_at": "2026-03-12T09:30:31.973Z",
    "updated_at": "2026-03-12T09:31:15.670Z",
    "programme": 3,
    "unit": 22,
    "lecturer": 3,
    "room": "Room 105",
    "start_datetime": "2026-04-10T13:00:00Z",
    "end_datetime": "2026-04-10T15:00:00Z"
  }
},
{
  "model": "learning.timetable",
  "pk": 30,
  "fields": {
    "created_at": "2026-03-12T09:30:31.976Z",
    "updated_at": "2026-03-12T09:31:15.672Z",
    "programme": 3,
    "unit": 23,
    "lecturer": 4,
    "room": "Room 106",
    "start_datetime": "2026-04-11T14:00:00Z",
    "end_datetime": "2026-04-11T16:00:00Z"
  }
},
{
  "model": "learning.timetable",
  "pk": 31,
  "fields": {
    "created_at": "2026-03-12T09:30:31.978Z",
    "updated_at": "2026-03-12T09:31:15.674Z",
    "programme": 3,
    "unit": 10,
    "lecturer": 4,
    "room": "Room 101",
    "start_datetime": "2026-04-13T09:00:00Z",
    "end_datetime": "2026-04-13T11:00:00Z"
  }
},
{
  "model": "learning.timetable",
  "pk": 32,
  "fields": {
    "created_at": "2026-03-12T09:30:31.980Z",
    "updated_at": "2026-03-12T09:31:15.676Z",
    "programme": 3,
    "unit": 11,
    "lecturer": 3,
    "room": "Room 102",
    "start_datetime": "2026-04-14T10:00:00Z",
    "end_datetime": "2026-04-14T12:00:00Z"
  }
},
{
  "model": "learning.timetable",
  "pk": 33,
  "fields": {
    "created_at": "2026-03-12T09:30:31.981Z",
    "updated_at": "2026-03-12T09:31:15.677Z",
    "programme": 3,
    "unit": 12,
    "lecturer": 4,
    "room": "Room 103",
    "start_datetime": "2026-04-15T11:00:00Z",
    "end_datetime": "2026-04-15T13:00:00Z"
  }
},
{
  "model": "learning.timetable",
  "pk": 34,
  "fields": {
    "created_at": "2026-03-12T09:30:31.983Z",
    "updated_at": "2026-03-12T09:31:15.679Z",
    "programme": 3,
    "unit": 13,
    "lecturer": 3,
    "room": "Room 104",
    "start_datetime": "2026-04-16T12:00:00Z",
    "end_datetime": "2026-04-16T14:00:00Z"
  }
},
{
  "model": "learning.timetable",
  "pk": 35,
  "fields": {
    "created_at": "2026-03-12T09:30:31.985Z",
    "updated_at": "2026-03-12T09:31:15.681Z",
    "programme": 3,
    "unit": 22,
    "lecturer": 4,
    "room": "Room 105",
    "start_datetime": "2026-04-17T13:00:00Z",
    "end_datetime": "2026-04-17T15:00:00Z"
  }
},
{
  "model": "learning.timetable",
  "pk": 36,
  "fields": {
    "created_at": "2026-03-12T09:30:31.989Z",
    "updated_at": "2026-03-12T09:31:15.682Z",
    "programme": 3,
    "unit": 23,
    "lecturer": 3,
    "room": "Room 106",
    "start_datetime": "2026-04-18T14:00:00Z",
    "end_datetime": "2026-04-18T16:00:00Z"
  }
},
{
  "model": "learning.timetable",
  "pk": 37,
  "fields": {
    "created_at": "2026-03-12T09:30:32.042Z",
    "updated_at": "2026-03-12T09:31:15.739Z",
    "programme": 1,
    "unit": 1,
    "lecturer": 3,
    "room": "Room 101",
    "start_datetime": "2026-03-09T09:00:00Z",
    "end_datetime": "2026-03-09T11:00:00Z"
  }
},
{
  "model": "learning.timetable",
  "pk": 38,
  "fields": {
    "created_at": "2026-03-12T09:30:32.044Z",
    "updated_at": "2026-03-12T09:31:15.741Z",
    "programme": 1,
    "unit": 2,
    "lecturer": 4,
    "room": "Room 102",
    "start_datetime": "2026-03-10T10:00:00Z",
    "end_datetime": "2026-03-10T12:00:00Z"
  }
},
{
  "model": "learning.timetable",
  "pk": 39,
  "fields": {
    "created_at": "2026-03-12T09:30:32.046Z",
    "updated_at": "2026-03-12T09:31:15.742Z",
    "programme": 1,
    "unit": 3,
    "lecturer": 3,
    "room": "Room 103",
    "start_datetime": "2026-03-11T11:00:00Z",
    "end_datetime": "2026-03-11T13:00:00Z"
  }
},
{
  "model": "learning.timetable",
  "pk": 40,
  "fields": {
    "created_at": "2026-03-12T09:30:32.048Z",
    "updated_at": "2026-03-12T09:31:15.744Z",
    "programme": 1,
    "unit": 4,
    "lecturer": 4,
    "room": "Room 104",
    "start_datetime": "2026-03-12T12:00:00Z",
    "end_datetime": "2026-03-12T14:00:00Z"
  }
},
{
  "model": "learning.timetable",
  "pk": 41,
  "fields": {
    "created_at": "2026-03-12T09:30:32.049Z",
    "updated_at": "2026-03-12T09:31:15.746Z",
    "programme": 1,
    "unit": 5,
    "lecturer": 3,
    "room": "Room 105",
    "start_datetime": "2026-03-13T13:00:00Z",
    "end_datetime": "2026-03-13T15:00:00Z"
  }
},
{
  "model": "learning.timetable",
  "pk": 42,
  "fields": {
    "created_at": "2026-03-12T09:30:32.051Z",
    "updated_at": "2026-03-12T09:31:15.748Z",
    "programme": 1,
    "unit": 6,
    "lecturer": 4,
    "room": "Room 106",
    "start_datetime": "2026-03-14T14:00:00Z",
    "end_datetime": "2026-03-14T16:00:00Z"
  }
},
{
  "model": "learning.timetable",
  "pk": 43,
  "fields": {
    "created_at": "2026-03-12T09:30:32.054Z",
    "updated_at": "2026-03-12T09:31:15.749Z",
    "programme": 1,
    "unit": 1,
    "lecturer": 4,
    "room": "Room 101",
    "start_datetime": "2026-03-16T09:00:00Z",
    "end_datetime": "2026-03-16T11:00:00Z"
  }
},
{
  "model": "learning.timetable",
  "pk": 44,
  "fields": {
    "created_at": "2026-03-12T09:30:32.056Z",
    "updated_at": "2026-03-12T09:31:15.753Z",
    "programme": 1,
    "unit": 2,
    "lecturer": 3,
    "room": "Room 102",
    "start_datetime": "2026-03-17T10:00:00Z",
    "end_datetime": "2026-03-17T12:00:00Z"
  }
},
{
  "model": "learning.timetable",
  "pk": 45,
  "fields": {
    "created_at": "2026-03-12T09:30:32.058Z",
    "updated_at": "2026-03-12T09:31:15.755Z",
    "programme": 1,
    "unit": 3,
    "lecturer": 4,
    "room": "Room 103",
    "start_datetime": "2026-03-18T11:00:00Z",
    "end_datetime": "2026-03-18T13:00:00Z"
  }
},
{
  "model": "learning.timetable",
  "pk": 46,
  "fields": {
    "created_at": "2026-03-12T09:30:32.060Z",
    "updated_at": "2026-03-12T09:31:15.757Z",
    "programme": 1,
    "unit": 4,
    "lecturer": 3,
    "room": "Room 104",
    "start_datetime": "2026-03-19T12:00:00Z",
    "end_datetime": "2026-03-19T14:00:00Z"
  }
},
{
  "model": "learning.timetable",
  "pk": 47,
  "fields": {
    "created_at": "2026-03-12T09:30:32.062Z",
    "updated_at": "2026-03-12T09:31:15.759Z",
    "programme": 1,
    "unit": 5,
    "lecturer": 4,
    "room": "Room 105",
    "start_datetime": "2026-03-20T13:00:00Z",
    "end_datetime": "2026-03-20T15:00:00Z"
  }
},
{
  "model": "learning.timetable",
  "pk": 48,
  "fields": {
    "created_at": "2026-03-12T09:30:32.063Z",
    "updated_at": "2026-03-12T09:31:15.761Z",
    "programme": 1,
    "unit": 6,
    "lecturer": 3,
    "room": "Room 106",
    "start_datetime": "2026-03-21T14:00:00Z",
    "end_datetime": "2026-03-21T16:00:00Z"
  }
},
{
  "model": "learning.timetable",
  "pk": 49,
  "fields": {
    "created_at": "2026-03-12T09:30:32.065Z",
    "updated_at": "2026-03-12T09:31:15.762Z",
    "programme": 1,
    "unit": 1,
    "lecturer": 3,
    "room": "Room 101",
    "start_datetime": "2026-03-23T09:00:00Z",
    "end_datetime": "2026-03-23T11:00:00Z"
  }
},
{
  "model": "learning.timetable",
  "pk": 50,
  "fields": {
    "created_at": "2026-03-12T09:30:32.067Z",
    "updated_at": "2026-03-12T09:31:15.764Z",
    "programme": 1,
    "unit": 2,
    "lecturer": 4,
    "room": "Room 102",
    "start_datetime": "2026-03-24T10:00:00Z",
    "end_datetime": "2026-03-24T12:00:00Z"
  }
},
{
  "model": "learning.timetable",
  "pk": 51,
  "fields": {
    "created_at": "2026-03-12T09:30:32.070Z",
    "updated_at": "2026-03-12T09:31:15.766Z",
    "programme": 1,
    "unit": 3,
    "lecturer": 3,
    "room": "Room 103",
    "start_datetime": "2026-03-25T11:00:00Z",
    "end_datetime": "2026-03-25T13:00:00Z"
  }
},
{
  "model": "learning.timetable",
  "pk": 52,
  "fields": {
    "created_at": "2026-03-12T09:30:32.073Z",
    "updated_at": "2026-03-12T09:31:15.769Z",
    "programme": 1,
    "unit": 4,
    "lecturer": 4,
    "room": "Room 104",
    "start_datetime": "2026-03-26T12:00:00Z",
    "end_datetime": "2026-03-26T14:00:00Z"
  }
},
{
  "model": "learning.timetable",
  "pk": 53,
  "fields": {
    "created_at": "2026-03-12T09:30:32.075Z",
    "updated_at": "2026-03-12T09:31:15.773Z",
    "programme": 1,
    "unit": 5,
    "lecturer": 3,
    "room": "Room 105",
    "start_datetime": "2026-03-27T13:00:00Z",
    "end_datetime": "2026-03-27T15:00:00Z"
  }
},
{
  "model": "learning.timetable",
  "pk": 54,
  "fields": {
    "created_at": "2026-03-12T09:30:32.077Z",
    "updated_at": "2026-03-12T09:31:15.775Z",
    "programme": 1,
    "unit": 6,
    "lecturer": 4,
    "room": "Room 106",
    "start_datetime": "2026-03-28T14:00:00Z",
    "end_datetime": "2026-03-28T16:00:00Z"
  }
},
{
  "model": "learning.timetable",
  "pk": 55,
  "fields": {
    "created_at": "2026-03-12T09:30:32.079Z",
    "updated_at": "2026-03-12T09:31:15.777Z",
    "programme": 1,
    "unit": 1,
    "lecturer": 4,
    "room": "Room 101",
    "start_datetime": "2026-03-30T09:00:00Z",
    "end_datetime": "2026-03-30T11:00:00Z"
  }
},
{
  "model": "learning.timetable",
  "pk": 56,
  "fields": {
    "created_at": "2026-03-12T09:30:32.080Z",
    "updated_at": "2026-03-12T09:31:15.779Z",
    "programme": 1,
    "unit": 2,
    "lecturer": 3,
    "room": "Room 102",
    "start_datetime": "2026-03-31T10:00:00Z",
    "end_datetime": "2026-03-31T12:00:00Z"
  }
},
{
  "model": "learning.timetable",
  "pk": 57,
  "fields": {
    "created_at": "2026-03-12T09:30:32.082Z",
    "updated_at": "2026-03-12T09:31:15.781Z",
    "programme": 1,
    "unit": 3,
    "lecturer": 4,
    "room": "Room 103",
    "start_datetime": "2026-04-01T11:00:00Z",
    "end_datetime": "2026-04-01T13:00:00Z"
  }
},
{
  "model": "learning.timetable",
  "pk": 58,
  "fields": {
    "created_at": "2026-03-12T09:30:32.084Z",
    "updated_at": "2026-03-12T09:31:15.783Z",
    "programme": 1,
    "unit": 4,
    "lecturer": 3,
    "room": "Room 104",
    "start_datetime": "2026-04-02T12:00:00Z",
    "end_datetime": "2026-04-02T14:00:00Z"
  }
},
{
  "model": "learning.timetable",
  "pk": 59,
  "fields": {
    "created_at": "2026-03-12T09:30:32.087Z",
    "updated_at": "2026-03-12T09:31:15.787Z",
    "programme": 1,
    "unit": 5,
    "lecturer": 4,
    "room": "Room 105",
    "start_datetime": "2026-04-03T13:00:00Z",
    "end_datetime": "2026-04-03T15:00:00Z"
  }
},
{
  "model": "learning.timetable",
  "pk": 60,
  "fields": {
    "created_at": "2026-03-12T09:30:32.090Z",
    "updated_at": "2026-03-12T09:31:15.789Z",
    "programme": 1,
    "unit": 6,
    "lecturer": 3,
    "room": "Room 106",
    "start_datetime": "2026-04-04T14:00:00Z",
    "end_datetime": "2026-04-04T16:00:00Z"
  }
},
{
  "model": "learning.timetable",
  "pk": 61,
  "fields": {
    "created_at": "2026-03-12T09:30:32.092Z",
    "updated_at": "2026-03-12T09:31:15.791Z",
    "programme": 1,
    "unit": 1,
    "lecturer": 3,
    "room": "Room 101",
    "start_datetime": "2026-04-06T09:00:00Z",
    "end_datetime": "2026-04-06T11:00:00Z"
  }
},
{
  "model": "learning.timetable",
  "pk": 62,
  "fields": {
    "created_at": "2026-03-12T09:30:32.093Z",
    "updated_at": "2026-03-12T09:31:15.792Z",
    "programme": 1,
    "unit": 2,
    "lecturer": 4,
    "room": "Room 102",
    "start_datetime": "2026-04-07T10:00:00Z",
    "end_datetime": "2026-04-07T12:00:00Z"
  }
},
{
  "model": "learning.timetable",
  "pk": 63,
  "fields": {
    "created_at": "2026-03-12T09:30:32.095Z",
    "updated_at": "2026-03-12T09:31:15.794Z",
    "programme": 1,
    "unit": 3,
    "lecturer": 3,
    "room": "Room 103",
    "start_datetime": "2026-04-08T11:00:00Z",
    "end_datetime": "2026-04-08T13:00:00Z"
  }
},
{
  "model": "learning.timetable",
  "pk": 64,
  "fields": {
    "created_at": "2026-03-12T09:30:32.097Z",
    "updated_at": "2026-03-12T09:31:15.796Z",
    "programme": 1,
    "unit": 4,
    "lecturer": 4,
    "room": "Room 104",
    "start_datetime": "2026-04-09T12:00:00Z",
    "end_datetime": "2026-04-09T14:00:00Z"
  }
},
{
  "model": "learning.timetable",
  "pk": 65,
  "fields": {
    "created_at": "2026-03-12T09:30:32.099Z",
    "updated_at": "2026-03-12T09:31:15.798Z",
    "programme": 1,
    "unit": 5,
    "lecturer": 3,
    "room": "Room 105",
    "start_datetime": "2026-04-10T13:00:00Z",
    "end_datetime": "2026-04-10T15:00:00Z"
  }
},
{
  "model": "learning.timetable",
  "pk": 66,
  "fields": {
    "created_at": "2026-03-12T09:30:32.100Z",
    "updated_at": "2026-03-12T09:31:15.799Z",
    "programme": 1,
    "unit": 6,
    "lecturer": 4,
    "room": "Room 106",
    "start_datetime": "2026-04-11T14:00:00Z",
    "end_datetime": "2026-04-11T16:00:00Z"
  }
},
{
  "model": "learning.timetable",
  "pk": 67,
  "fields": {
    "created_at": "2026-03-12T09:30:32.103Z",
    "updated_at": "2026-03-12T09:31:15.803Z",
    "programme": 1,
    "unit": 1,
    "lecturer": 4,
    "room": "Room 101",
    "start_datetime": "2026-04-13T09:00:00Z",
    "end_datetime": "2026-04-13T11:00:00Z"
  }
},
{
  "model": "learning.timetable",
  "pk": 68,
  "fields": {
    "created_at": "2026-03-12T09:30:32.106Z",
    "updated_at": "2026-03-12T09:31:15.807Z",
    "programme": 1,
    "unit": 2,
    "lecturer": 3,
    "room": "Room 102",
    "start_datetime": "2026-04-14T10:00:00Z",
    "end_datetime": "2026-04-14T12:00:00Z"
  }
},
{
  "model": "learning.timetable",
  "pk": 69,
  "fields": {
    "created_at": "2026-03-12T09:30:32.108Z",
    "updated_at": "2026-03-12T09:31:15.809Z",
    "programme": 1,
    "unit": 3,
    "lecturer": 4,
    "room": "Room 103",
    "start_datetime": "2026-04-15T11:00:00Z",
    "end_datetime": "2026-04-15T13:00:00Z"
  }
},
{
  "model": "learning.timetable",
  "pk": 70,
  "fields": {
    "created_at": "2026-03-12T09:30:32.110Z",
    "updated_at": "2026-03-12T09:31:15.811Z",
    "programme": 1,
    "unit": 4,
    "lecturer": 3,
    "room": "Room 104",
    "start_datetime": "2026-04-16T12:00:00Z",
    "end_datetime": "2026-04-16T14:00:00Z"
  }
},
{
  "model": "learning.timetable",
  "pk": 71,
  "fields": {
    "created_at": "2026-03-12T09:30:32.112Z",
    "updated_at": "2026-03-12T09:31:15.812Z",
    "programme": 1,
    "unit": 5,
    "lecturer": 4,
    "room": "Room 105",
    "start_datetime": "2026-04-17T13:00:00Z",
    "end_datetime": "2026-04-17T15:00:00Z"
  }
},
{
  "model": "learning.timetable",
  "pk": 72,
  "fields": {
    "created_at": "2026-03-12T09:30:32.114Z",
    "updated_at": "2026-03-12T09:31:15.814Z",
    "programme": 1,
    "unit": 6,
    "lecturer": 3,
    "room": "Room 106",
    "start_datetime": "2026-04-18T14:00:00Z",
    "end_datetime": "2026-04-18T16:00:00Z"
  }
},
{
  "model": "learning.timetable",
  "pk": 73,
  "fields": {
    "created_at": "2026-03-12T09:30:32.123Z",
    "updated_at": "2026-03-12T09:31:15.825Z",
    "programme": 2,
    "unit": 9,
    "lecturer": 3,
    "room": "Room 101",
    "start_datetime": "2026-03-09T09:00:00Z",
    "end_datetime": "2026-03-09T11:00:00Z"
  }
},
{
  "model": "learning.timetable",
  "pk": 74,
  "fields": {
    "created_at": "2026-03-12T09:30:32.125Z",
    "updated_at": "2026-03-12T09:31:15.827Z",
    "programme": 2,
    "unit": 9,
    "lecturer": 4,
    "room": "Room 101",
    "start_datetime": "2026-03-16T09:00:00Z",
    "end_datetime": "2026-03-16T11:00:00Z"
  }
},
{
  "model": "learning.timetable",
  "pk": 75,
  "fields": {
    "created_at": "2026-03-12T09:30:32.127Z",
    "updated_at": "2026-03-12T09:31:15.828Z",
    "programme": 2,
    "unit": 9,
    "lecturer": 3,
    "room": "Room 101",
    "start_datetime": "2026-03-23T09:00:00Z",
    "end_datetime": "2026-03-23T11:00:00Z"
  }
},
{
  "model": "learning.timetable",
  "pk": 76,
  "fields": {
    "created_at": "2026-03-12T09:30:32.129Z",
    "updated_at": "2026-03-12T09:31:15.830Z",
    "programme": 2,
    "unit": 9,
    "lecturer": 4,
    "room": "Room 101",
    "start_datetime": "2026-03-30T09:00:00Z",
    "end_datetime": "2026-03-30T11:00:00Z"
  }
},
{
  "model": "learning.timetable",
  "pk": 77,
  "fields": {
    "created_at": "2026-03-12T09:30:32.130Z",
    "updated_at": "2026-03-12T09:31:15.832Z",
    "programme": 2,
    "unit": 9,
    "lecturer": 3,
    "room": "Room 101",
    "start_datetime": "2026-04-06T09:00:00Z",
    "end_datetime": "2026-04-06T11:00:00Z"
  }
},
{
  "model": "learning.timetable",
  "pk": 78,
  "fields": {
    "created_at": "2026-03-12T09:30:32.132Z",
    "updated_at": "2026-03-12T09:31:15.834Z",
    "programme": 2,
    "unit": 9,
    "lecturer": 4,
    "room": "Room 101",
    "start_datetime": "2026-04-13T09:00:00Z",
    "end_datetime": "2026-04-13T11:00:00Z"
  }
},
{
  "model": "learning.timetable",
  "pk": 79,
  "fields": {
    "created_at": "2026-03-22T15:19:19.565Z",
    "updated_at": "2026-03-22T15:19:19.566Z",
    "programme": 1,
    "unit": 1,
    "lecturer": 3,
    "room": "Room 202",
    "start_datetime": "2026-03-24T10:00:00Z",
    "end_datetime": "2026-03-24T12:00:00Z"
  }
},
{
  "model": "learning.timetable",
  "pk": 80,
  "fields": {
    "created_at": "2026-03-22T15:19:19.600Z",
    "updated_at": "2026-03-22T15:19:19.600Z",
    "programme": 1,
    "unit": 2,
    "lecturer": 4,
    "room": "Room 203",
    "start_datetime": "2026-03-25T11:00:00Z",
    "end_datetime": "2026-03-25T13:00:00Z"
  }
},
{
  "model": "learning.assignment",
  "pk": 1,
  "fields": {
    "created_at": "2026-03-12T09:30:31.763Z",
    "updated_at": "2026-03-12T09:31:15.458Z",
    "unit": 10,
    "lecturer": 3,
    "title": "TT-111 Week assignment",
    "description": "Complete the weekly learning task for Introduction to the Global Travel & Tourism Industry.",
    "due_at": "2026-03-19T09:31:15.448Z"
  }
},
{
  "model": "learning.assignment",
  "pk": 2,
  "fields": {
    "created_at": "2026-03-12T09:30:31.768Z",
    "updated_at": "2026-03-12T09:31:15.463Z",
    "unit": 11,
    "lecturer": 4,
    "title": "TT-112 Week assignment",
    "description": "Complete the weekly learning task for Travel Products and Services.",
    "due_at": "2026-03-19T09:31:15.448Z"
  }
},
{
  "model": "learning.assignment",
  "pk": 3,
  "fields": {
    "created_at": "2026-03-12T09:30:31.775Z",
    "updated_at": "2026-03-12T09:31:15.470Z",
    "unit": 12,
    "lecturer": 3,
    "title": "TT-113 Week assignment",
    "description": "Complete the weekly learning task for Customer Service.",
    "due_at": "2026-03-19T09:31:15.448Z"
  }
},
{
  "model": "learning.assignment",
  "pk": 4,
  "fields": {
    "created_at": "2026-03-12T09:30:31.782Z",
    "updated_at": "2026-03-12T09:31:15.476Z",
    "unit": 13,
    "lecturer": 4,
    "title": "TT-114 Week assignment",
    "description": "Complete the weekly learning task for Communication Skills.",
    "due_at": "2026-03-19T09:31:15.448Z"
  }
},
{
  "model": "learning.assignment",
  "pk": 5,
  "fields": {
    "created_at": "2026-03-12T09:30:31.790Z",
    "updated_at": "2026-03-12T09:31:15.481Z",
    "unit": 22,
    "lecturer": 3,
    "title": "TT-211 Week assignment",
    "description": "Complete the weekly learning task for Advanced Tour Operations.",
    "due_at": "2026-03-19T09:31:15.448Z"
  }
},
{
  "model": "learning.assignment",
  "pk": 6,
  "fields": {
    "created_at": "2026-03-12T09:30:31.795Z",
    "updated_at": "2026-03-12T09:31:15.490Z",
    "unit": 23,
    "lecturer": 4,
    "title": "TT-212 Week assignment",
    "description": "Complete the weekly learning task for Sustainable Tourism.",
    "due_at": "2026-03-19T09:31:15.448Z"
  }
},
{
  "model": "learning.assignment",
  "pk": 7,
  "fields": {
    "created_at": "2026-03-12T09:30:31.800Z",
    "updated_at": "2026-03-12T09:31:15.496Z",
    "unit": 24,
    "lecturer": 3,
    "title": "TT-213 Week assignment",
    "description": "Complete the weekly learning task for Financial Management in Tourism.",
    "due_at": "2026-03-19T09:31:15.448Z"
  }
},
{
  "model": "learning.assignment",
  "pk": 8,
  "fields": {
    "created_at": "2026-03-12T09:30:31.808Z",
    "updated_at": "2026-03-12T09:31:15.503Z",
    "unit": 25,
    "lecturer": 4,
    "title": "TT-214 Week assignment",
    "description": "Complete the weekly learning task for Human Resource Management in Tourism.",
    "due_at": "2026-03-19T09:31:15.448Z"
  }
},
{
  "model": "learning.assignment",
  "pk": 9,
  "fields": {
    "created_at": "2026-03-12T09:30:31.814Z",
    "updated_at": "2026-03-12T09:31:15.508Z",
    "unit": 14,
    "lecturer": 3,
    "title": "TT-121 Week assignment",
    "description": "Complete the weekly learning task for Destination Awareness and Management.",
    "due_at": "2026-03-26T09:31:15.448Z"
  }
},
{
  "model": "learning.assignment",
  "pk": 10,
  "fields": {
    "created_at": "2026-03-12T09:30:31.821Z",
    "updated_at": "2026-03-12T09:31:15.513Z",
    "unit": 15,
    "lecturer": 4,
    "title": "TT-122 Week assignment",
    "description": "Complete the weekly learning task for Marketing and Sales in the Travel Industry.",
    "due_at": "2026-03-26T09:31:15.448Z"
  }
},
{
  "model": "learning.assignment",
  "pk": 11,
  "fields": {
    "created_at": "2026-03-12T09:30:31.826Z",
    "updated_at": "2026-03-12T09:31:15.521Z",
    "unit": 16,
    "lecturer": 3,
    "title": "TT-123 Week assignment",
    "description": "Complete the weekly learning task for Tour Operations & Digital Distribution Channels.",
    "due_at": "2026-03-26T09:31:15.448Z"
  }
},
{
  "model": "learning.assignment",
  "pk": 12,
  "fields": {
    "created_at": "2026-03-12T09:30:31.831Z",
    "updated_at": "2026-03-12T09:31:15.527Z",
    "unit": 17,
    "lecturer": 4,
    "title": "TT-124 Week assignment",
    "description": "Complete the weekly learning task for Hospitality Management.",
    "due_at": "2026-03-26T09:31:15.448Z"
  }
},
{
  "model": "learning.assignment",
  "pk": 13,
  "fields": {
    "created_at": "2026-03-12T09:30:31.839Z",
    "updated_at": "2026-03-12T09:31:15.532Z",
    "unit": 26,
    "lecturer": 3,
    "title": "TT-221 Week assignment",
    "description": "Complete the weekly learning task for Ecotourism and Protected Area Management.",
    "due_at": "2026-03-26T09:31:15.448Z"
  }
},
{
  "model": "learning.assignment",
  "pk": 14,
  "fields": {
    "created_at": "2026-03-12T09:30:31.845Z",
    "updated_at": "2026-03-12T09:31:15.541Z",
    "unit": 27,
    "lecturer": 4,
    "title": "TT-222 Week assignment",
    "description": "Complete the weekly learning task for Niche Tourism.",
    "due_at": "2026-03-26T09:31:15.448Z"
  }
},
{
  "model": "learning.assignment",
  "pk": 15,
  "fields": {
    "created_at": "2026-03-12T09:30:31.850Z",
    "updated_at": "2026-03-12T09:31:15.546Z",
    "unit": 28,
    "lecturer": 3,
    "title": "TT-223 Week assignment",
    "description": "Complete the weekly learning task for Crisis Management in Tourism.",
    "due_at": "2026-03-26T09:31:15.448Z"
  }
},
{
  "model": "learning.assignment",
  "pk": 16,
  "fields": {
    "created_at": "2026-03-12T09:30:31.857Z",
    "updated_at": "2026-03-12T09:31:15.554Z",
    "unit": 29,
    "lecturer": 4,
    "title": "TT-224 Week assignment",
    "description": "Complete the weekly learning task for Research Methods in Tourism.",
    "due_at": "2026-03-26T09:31:15.448Z"
  }
},
{
  "model": "learning.assignment",
  "pk": 17,
  "fields": {
    "created_at": "2026-03-12T09:30:31.863Z",
    "updated_at": "2026-03-12T09:31:15.559Z",
    "unit": 18,
    "lecturer": 3,
    "title": "TT-131 Week assignment",
    "description": "Complete the weekly learning task for Tourism Technology Systems and Booking Platforms.",
    "due_at": "2026-04-02T09:31:15.448Z"
  }
},
{
  "model": "learning.assignment",
  "pk": 18,
  "fields": {
    "created_at": "2026-03-12T09:30:31.868Z",
    "updated_at": "2026-03-12T09:31:15.564Z",
    "unit": 19,
    "lecturer": 4,
    "title": "TT-132 Week assignment",
    "description": "Complete the weekly learning task for Travel Regulations and Safety.",
    "due_at": "2026-04-02T09:31:15.448Z"
  }
},
{
  "model": "learning.assignment",
  "pk": 19,
  "fields": {
    "created_at": "2026-03-12T09:30:31.878Z",
    "updated_at": "2026-03-12T09:31:15.571Z",
    "unit": 20,
    "lecturer": 3,
    "title": "TT-133 Week assignment",
    "description": "Complete the weekly learning task for The Business of Tourism.",
    "due_at": "2026-04-02T09:31:15.448Z"
  }
},
{
  "model": "learning.assignment",
  "pk": 20,
  "fields": {
    "created_at": "2026-03-12T09:30:31.883Z",
    "updated_at": "2026-03-12T09:31:15.578Z",
    "unit": 21,
    "lecturer": 4,
    "title": "TT-134 Week assignment",
    "description": "Complete the weekly learning task for Introduction to Event Management.",
    "due_at": "2026-04-02T09:31:15.448Z"
  }
},
{
  "model": "learning.assignment",
  "pk": 21,
  "fields": {
    "created_at": "2026-03-12T09:30:31.893Z",
    "updated_at": "2026-03-12T09:31:15.584Z",
    "unit": 30,
    "lecturer": 3,
    "title": "TT-231 Week assignment",
    "description": "Complete the weekly learning task for Internship/Practicum.",
    "due_at": "2026-04-02T09:31:15.448Z"
  }
},
{
  "model": "learning.assignment",
  "pk": 22,
  "fields": {
    "created_at": "2026-03-12T09:30:31.899Z",
    "updated_at": "2026-03-12T09:31:15.591Z",
    "unit": 31,
    "lecturer": 4,
    "title": "TT-232 Week assignment",
    "description": "Complete the weekly learning task for Final Project.",
    "due_at": "2026-04-02T09:31:15.448Z"
  }
},
{
  "model": "learning.assignment",
  "pk": 23,
  "fields": {
    "created_at": "2026-03-12T09:30:31.905Z",
    "updated_at": "2026-03-12T09:31:15.596Z",
    "unit": 32,
    "lecturer": 3,
    "title": "TT-233 Week assignment",
    "description": "Complete the weekly learning task for Airline and Airport Operations.",
    "due_at": "2026-04-02T09:31:15.448Z"
  }
},
{
  "model": "learning.assignment",
  "pk": 24,
  "fields": {
    "created_at": "2026-03-12T09:30:31.911Z",
    "updated_at": "2026-03-12T09:31:15.604Z",
    "unit": 33,
    "lecturer": 4,
    "title": "TT-234 Week assignment",
    "description": "Complete the weekly learning task for Entrepreneurship in Tourism.",
    "due_at": "2026-04-02T09:31:15.448Z"
  }
},
{
  "model": "learning.assignment",
  "pk": 25,
  "fields": {
    "created_at": "2026-03-12T09:30:31.995Z",
    "updated_at": "2026-03-12T09:31:15.691Z",
    "unit": 1,
    "lecturer": 3,
    "title": "DTM101 Week assignment",
    "description": "Complete the weekly learning task for Introduction to Tourism.",
    "due_at": "2026-03-19T09:31:15.448Z"
  }
},
{
  "model": "learning.assignment",
  "pk": 26,
  "fields": {
    "created_at": "2026-03-12T09:30:32.001Z",
    "updated_at": "2026-03-12T09:31:15.696Z",
    "unit": 2,
    "lecturer": 4,
    "title": "DTM102 Week assignment",
    "description": "Complete the weekly learning task for Travel Geography.",
    "due_at": "2026-03-19T09:31:15.448Z"
  }
},
{
  "model": "learning.assignment",
  "pk": 27,
  "fields": {
    "created_at": "2026-03-12T09:30:32.008Z",
    "updated_at": "2026-03-12T09:31:15.703Z",
    "unit": 3,
    "lecturer": 3,
    "title": "DTM103 Week assignment",
    "description": "Complete the weekly learning task for Customer Service in Hospitality.",
    "due_at": "2026-03-19T09:31:15.448Z"
  }
},
{
  "model": "learning.assignment",
  "pk": 28,
  "fields": {
    "created_at": "2026-03-12T09:30:32.013Z",
    "updated_at": "2026-03-12T09:31:15.708Z",
    "unit": 4,
    "lecturer": 4,
    "title": "DTM104 Week assignment",
    "description": "Complete the weekly learning task for Tour Guiding Techniques.",
    "due_at": "2026-03-26T09:31:15.448Z"
  }
},
{
  "model": "learning.assignment",
  "pk": 29,
  "fields": {
    "created_at": "2026-03-12T09:30:32.018Z",
    "updated_at": "2026-03-12T09:31:15.714Z",
    "unit": 5,
    "lecturer": 3,
    "title": "DTM105 Week assignment",
    "description": "Complete the weekly learning task for Sustainable Tourism Practices.",
    "due_at": "2026-03-26T09:31:15.448Z"
  }
},
{
  "model": "learning.assignment",
  "pk": 30,
  "fields": {
    "created_at": "2026-03-12T09:30:32.027Z",
    "updated_at": "2026-03-12T09:31:15.723Z",
    "unit": 6,
    "lecturer": 4,
    "title": "DTM106 Week assignment",
    "description": "Complete the weekly learning task for Event Management Fundamentals.",
    "due_at": "2026-04-02T09:31:15.448Z"
  }
},
{
  "model": "learning.assignment",
  "pk": 31,
  "fields": {
    "created_at": "2026-03-12T09:30:32.033Z",
    "updated_at": "2026-03-12T09:31:15.729Z",
    "unit": 7,
    "lecturer": 3,
    "title": "DTM201 Week assignment",
    "description": "Complete the weekly learning task for Tourism Marketing.",
    "due_at": "2026-04-09T09:31:15.448Z"
  }
},
{
  "model": "learning.assignment",
  "pk": 32,
  "fields": {
    "created_at": "2026-03-12T09:30:32.040Z",
    "updated_at": "2026-03-12T09:31:15.736Z",
    "unit": 8,
    "lecturer": 4,
    "title": "DTM202 Week assignment",
    "description": "Complete the weekly learning task for Travel Agency Operations.",
    "due_at": "2026-04-09T09:31:15.448Z"
  }
},
{
  "model": "learning.assignment",
  "pk": 33,
  "fields": {
    "created_at": "2026-03-12T09:30:32.121Z",
    "updated_at": "2026-03-12T09:31:15.823Z",
    "unit": 9,
    "lecturer": 3,
    "title": "TTM101-U1 Week assignment",
    "description": "Complete the weekly learning task for Week 1: Tourism Foundations.",
    "due_at": "2026-03-19T09:31:15.448Z"
  }
},
{
  "model": "learning.assignment",
  "pk": 34,
  "fields": {
    "created_at": "2026-03-22T15:19:19.267Z",
    "updated_at": "2026-03-22T15:19:19.267Z",
    "unit": 1,
    "lecturer": 3,
    "title": "DTM101 short reflection",
    "description": "Write 4 to 6 sentences explaining the main idea from Introduction to Tourism. You can submit a written answer, a document link, or a voice answer with speech-to-text.",
    "due_at": "2026-03-25T09:00:00Z"
  }
},
{
  "model": "learning.assignment",
  "pk": 35,
  "fields": {
    "created_at": "2026-03-22T15:19:19.296Z",
    "updated_at": "2026-03-22T15:19:19.296Z",
    "unit": 1,
    "lecturer": 3,
    "title": "DTM101 practice task",
    "description": "Share one example or case study for Introduction to Tourism. Use simple language and explain why your example fits the topic.",
    "due_at": "2026-03-27T09:00:00Z"
  }
},
{
  "model": "learning.assignment",
  "pk": 36,
  "fields": {
    "created_at": "2026-03-22T15:19:19.318Z",
    "updated_at": "2026-03-22T15:19:19.319Z",
    "unit": 1,
    "lecturer": 3,
    "title": "DTM101 CAT 1",
    "description": "Short CAT for Introduction to Tourism. Answer briefly and clearly. You may type your answer or use a voice response.",
    "due_at": "2026-03-28T09:00:00Z"
  }
},
{
  "model": "learning.assignment",
  "pk": 37,
  "fields": {
    "created_at": "2026-03-22T15:19:19.621Z",
    "updated_at": "2026-03-22T15:19:19.621Z",
    "unit": 2,
    "lecturer": 4,
    "title": "DTM102 short reflection",
    "description": "Write 4 to 6 sentences explaining the main idea from Travel Geography. You can submit a written answer, a document link, or a voice answer with speech-to-text.",
    "due_at": "2026-03-27T11:00:00Z"
  }
},
{
  "model": "learning.assignment",
  "pk": 38,
  "fields": {
    "created_at": "2026-03-22T15:19:19.641Z",
    "updated_at": "2026-03-22T15:19:19.641Z",
    "unit": 2,
    "lecturer": 4,
    "title": "DTM102 practice task",
    "description": "Share one example or case study for Travel Geography. Use simple language and explain why your example fits the topic.",
    "due_at": "2026-03-29T11:00:00Z"
  }
},
{
  "model": "finance.payment",
  "pk": 1,
  "fields": {
    "created_at": "2026-03-12T09:30:32.158Z",
    "updated_at": "2026-03-12T09:31:15.859Z",
    "student": 5,
    "academic_year": 1,
    "trimester": 1,
    "amount": "54000.00",
    "method": "seeded-mobile-money",
    "ref": "SEED-5-1-1",
    "paid_at": "2026-03-11T09:31:15.448Z"
  }
},
{
  "model": "finance.payment",
  "pk": 2,
  "fields": {
    "created_at": "2026-03-12T09:30:32.160Z",
    "updated_at": "2026-03-12T09:31:15.861Z",
    "student": 5,
    "academic_year": 1,
    "trimester": 1,
    "amount": "36000.00",
    "method": "seeded-mobile-money",
    "ref": "SEED-5-1-2",
    "paid_at": "2026-03-10T09:31:15.448Z"
  }
},
{
  "model": "finance.payment",
  "pk": 3,
  "fields": {
    "created_at": "2026-03-12T09:30:32.175Z",
    "updated_at": "2026-03-12T09:31:15.875Z",
    "student": 13,
    "academic_year": 1,
    "trimester": 1,
    "amount": "39600.00",
    "method": "seeded-mobile-money",
    "ref": "SEED-13-1-1",
    "paid_at": "2026-03-11T09:31:15.448Z"
  }
},
{
  "model": "finance.payment",
  "pk": 4,
  "fields": {
    "created_at": "2026-03-12T09:30:32.177Z",
    "updated_at": "2026-03-12T09:31:15.877Z",
    "student": 13,
    "academic_year": 1,
    "trimester": 1,
    "amount": "26400.00",
    "method": "seeded-mobile-money",
    "ref": "SEED-13-1-2",
    "paid_at": "2026-03-10T09:31:15.448Z"
  }
},
{
  "model": "finance.payment",
  "pk": 5,
  "fields": {
    "created_at": "2026-03-12T09:31:15.891Z",
    "updated_at": "2026-03-12T09:31:15.891Z",
    "student": 15,
    "academic_year": 1,
    "trimester": 1,
    "amount": "54000.00",
    "method": "seeded-mobile-money",
    "ref": "SEED-15-1-1",
    "paid_at": "2026-03-11T09:31:15.448Z"
  }
},
{
  "model": "finance.payment",
  "pk": 6,
  "fields": {
    "created_at": "2026-03-12T09:31:15.893Z",
    "updated_at": "2026-03-12T09:31:15.893Z",
    "student": 15,
    "academic_year": 1,
    "trimester": 1,
    "amount": "36000.00",
    "method": "seeded-mobile-money",
    "ref": "SEED-15-1-2",
    "paid_at": "2026-03-10T09:31:15.448Z"
  }
},
{
  "model": "finance.payment",
  "pk": 7,
  "fields": {
    "created_at": "2026-03-12T09:31:15.910Z",
    "updated_at": "2026-03-12T09:31:15.910Z",
    "student": 17,
    "academic_year": 1,
    "trimester": 1,
    "amount": "39600.00",
    "method": "seeded-mobile-money",
    "ref": "SEED-17-1-1",
    "paid_at": "2026-03-11T09:31:15.448Z"
  }
},
{
  "model": "finance.payment",
  "pk": 8,
  "fields": {
    "created_at": "2026-03-12T09:31:15.912Z",
    "updated_at": "2026-03-12T09:31:15.912Z",
    "student": 17,
    "academic_year": 1,
    "trimester": 1,
    "amount": "26400.00",
    "method": "seeded-mobile-money",
    "ref": "SEED-17-1-2",
    "paid_at": "2026-03-10T09:31:15.448Z"
  }
},
{
  "model": "finance.payment",
  "pk": 9,
  "fields": {
    "created_at": "2026-03-12T09:31:15.926Z",
    "updated_at": "2026-03-12T09:31:15.926Z",
    "student": 19,
    "academic_year": 1,
    "trimester": 1,
    "amount": "54000.00",
    "method": "seeded-mobile-money",
    "ref": "SEED-19-1-1",
    "paid_at": "2026-03-11T09:31:15.448Z"
  }
},
{
  "model": "finance.payment",
  "pk": 10,
  "fields": {
    "created_at": "2026-03-12T09:31:15.928Z",
    "updated_at": "2026-03-12T09:31:15.928Z",
    "student": 19,
    "academic_year": 1,
    "trimester": 1,
    "amount": "36000.00",
    "method": "seeded-mobile-money",
    "ref": "SEED-19-1-2",
    "paid_at": "2026-03-10T09:31:15.448Z"
  }
},
{
  "model": "finance.payment",
  "pk": 11,
  "fields": {
    "created_at": "2026-03-12T09:31:15.944Z",
    "updated_at": "2026-03-12T09:31:15.944Z",
    "student": 21,
    "academic_year": 2,
    "trimester": 1,
    "amount": "39600.00",
    "method": "seeded-mobile-money",
    "ref": "SEED-21-1-1",
    "paid_at": "2026-03-11T09:31:15.448Z"
  }
},
{
  "model": "finance.payment",
  "pk": 12,
  "fields": {
    "created_at": "2026-03-12T09:31:15.946Z",
    "updated_at": "2026-03-12T09:31:15.946Z",
    "student": 21,
    "academic_year": 2,
    "trimester": 1,
    "amount": "26400.00",
    "method": "seeded-mobile-money",
    "ref": "SEED-21-1-2",
    "paid_at": "2026-03-10T09:31:15.448Z"
  }
},
{
  "model": "finance.payment",
  "pk": 13,
  "fields": {
    "created_at": "2026-03-12T09:31:15.961Z",
    "updated_at": "2026-03-12T09:31:15.961Z",
    "student": 23,
    "academic_year": 2,
    "trimester": 1,
    "amount": "54000.00",
    "method": "seeded-mobile-money",
    "ref": "SEED-23-1-1",
    "paid_at": "2026-03-11T09:31:15.448Z"
  }
},
{
  "model": "finance.payment",
  "pk": 14,
  "fields": {
    "created_at": "2026-03-12T09:31:15.963Z",
    "updated_at": "2026-03-12T09:31:15.963Z",
    "student": 23,
    "academic_year": 2,
    "trimester": 1,
    "amount": "36000.00",
    "method": "seeded-mobile-money",
    "ref": "SEED-23-1-2",
    "paid_at": "2026-03-10T09:31:15.448Z"
  }
},
{
  "model": "finance.payment",
  "pk": 15,
  "fields": {
    "created_at": "2026-03-12T09:31:15.977Z",
    "updated_at": "2026-03-12T09:31:15.977Z",
    "student": 25,
    "academic_year": 2,
    "trimester": 1,
    "amount": "39600.00",
    "method": "seeded-mobile-money",
    "ref": "SEED-25-1-1",
    "paid_at": "2026-03-11T09:31:15.448Z"
  }
},
{
  "model": "finance.payment",
  "pk": 16,
  "fields": {
    "created_at": "2026-03-12T09:31:15.979Z",
    "updated_at": "2026-03-12T09:31:15.979Z",
    "student": 25,
    "academic_year": 2,
    "trimester": 1,
    "amount": "26400.00",
    "method": "seeded-mobile-money",
    "ref": "SEED-25-1-2",
    "paid_at": "2026-03-10T09:31:15.448Z"
  }
},
{
  "model": "finance.payment",
  "pk": 17,
  "fields": {
    "created_at": "2026-03-12T09:31:15.993Z",
    "updated_at": "2026-03-12T09:31:15.993Z",
    "student": 27,
    "academic_year": 1,
    "trimester": 1,
    "amount": "54000.00",
    "method": "seeded-mobile-money",
    "ref": "SEED-27-1-1",
    "paid_at": "2026-03-11T09:31:15.448Z"
  }
},
{
  "model": "finance.payment",
  "pk": 18,
  "fields": {
    "created_at": "2026-03-12T09:31:15.995Z",
    "updated_at": "2026-03-12T09:31:15.995Z",
    "student": 27,
    "academic_year": 1,
    "trimester": 1,
    "amount": "36000.00",
    "method": "seeded-mobile-money",
    "ref": "SEED-27-1-2",
    "paid_at": "2026-03-10T09:31:15.448Z"
  }
},
{
  "model": "finance.payment",
  "pk": 19,
  "fields": {
    "created_at": "2026-03-12T09:31:16.009Z",
    "updated_at": "2026-03-12T09:31:16.009Z",
    "student": 29,
    "academic_year": 1,
    "trimester": 1,
    "amount": "39600.00",
    "method": "seeded-mobile-money",
    "ref": "SEED-29-1-1",
    "paid_at": "2026-03-11T09:31:15.448Z"
  }
},
{
  "model": "finance.payment",
  "pk": 20,
  "fields": {
    "created_at": "2026-03-12T09:31:16.011Z",
    "updated_at": "2026-03-12T09:31:16.011Z",
    "student": 29,
    "academic_year": 1,
    "trimester": 1,
    "amount": "26400.00",
    "method": "seeded-mobile-money",
    "ref": "SEED-29-1-2",
    "paid_at": "2026-03-10T09:31:15.448Z"
  }
},
{
  "model": "finance.payment",
  "pk": 21,
  "fields": {
    "created_at": "2026-03-12T09:31:16.026Z",
    "updated_at": "2026-03-12T09:31:16.026Z",
    "student": 31,
    "academic_year": 1,
    "trimester": 1,
    "amount": "54000.00",
    "method": "seeded-mobile-money",
    "ref": "SEED-31-1-1",
    "paid_at": "2026-03-11T09:31:15.448Z"
  }
},
{
  "model": "finance.payment",
  "pk": 22,
  "fields": {
    "created_at": "2026-03-12T09:31:16.028Z",
    "updated_at": "2026-03-12T09:31:16.028Z",
    "student": 31,
    "academic_year": 1,
    "trimester": 1,
    "amount": "36000.00",
    "method": "seeded-mobile-money",
    "ref": "SEED-31-1-2",
    "paid_at": "2026-03-10T09:31:15.448Z"
  }
},
{
  "model": "finance.payment",
  "pk": 23,
  "fields": {
    "created_at": "2026-03-12T09:31:16.044Z",
    "updated_at": "2026-03-12T09:31:16.044Z",
    "student": 33,
    "academic_year": 2,
    "trimester": 1,
    "amount": "39600.00",
    "method": "seeded-mobile-money",
    "ref": "SEED-33-1-1",
    "paid_at": "2026-03-11T09:31:15.448Z"
  }
},
{
  "model": "finance.payment",
  "pk": 24,
  "fields": {
    "created_at": "2026-03-12T09:31:16.046Z",
    "updated_at": "2026-03-12T09:31:16.046Z",
    "student": 33,
    "academic_year": 2,
    "trimester": 1,
    "amount": "26400.00",
    "method": "seeded-mobile-money",
    "ref": "SEED-33-1-2",
    "paid_at": "2026-03-10T09:31:15.448Z"
  }
},
{
  "model": "finance.payment",
  "pk": 25,
  "fields": {
    "created_at": "2026-03-12T09:31:16.063Z",
    "updated_at": "2026-03-12T09:31:16.063Z",
    "student": 35,
    "academic_year": 2,
    "trimester": 1,
    "amount": "54000.00",
    "method": "seeded-mobile-money",
    "ref": "SEED-35-1-1",
    "paid_at": "2026-03-11T09:31:15.448Z"
  }
},
{
  "model": "finance.payment",
  "pk": 26,
  "fields": {
    "created_at": "2026-03-12T09:31:16.065Z",
    "updated_at": "2026-03-12T09:31:16.065Z",
    "student": 35,
    "academic_year": 2,
    "trimester": 1,
    "amount": "36000.00",
    "method": "seeded-mobile-money",
    "ref": "SEED-35-1-2",
    "paid_at": "2026-03-10T09:31:15.448Z"
  }
},
{
  "model": "finance.payment",
  "pk": 27,
  "fields": {
    "created_at": "2026-03-12T09:31:16.078Z",
    "updated_at": "2026-03-12T09:31:16.078Z",
    "student": 37,
    "academic_year": 2,
    "trimester": 1,
    "amount": "39600.00",
    "method": "seeded-mobile-money",
    "ref": "SEED-37-1-1",
    "paid_at": "2026-03-11T09:31:15.448Z"
  }
},
{
  "model": "finance.payment",
  "pk": 28,
  "fields": {
    "created_at": "2026-03-12T09:31:16.081Z",
    "updated_at": "2026-03-12T09:31:16.081Z",
    "student": 37,
    "academic_year": 2,
    "trimester": 1,
    "amount": "26400.00",
    "method": "seeded-mobile-money",
    "ref": "SEED-37-1-2",
    "paid_at": "2026-03-10T09:31:15.448Z"
  }
},
{
  "model": "finance.payment",
  "pk": 29,
  "fields": {
    "created_at": "2026-03-12T09:31:16.092Z",
    "updated_at": "2026-03-12T09:31:16.092Z",
    "student": 39,
    "academic_year": 1,
    "trimester": 1,
    "amount": "54000.00",
    "method": "seeded-mobile-money",
    "ref": "SEED-39-1-1",
    "paid_at": "2026-03-11T09:31:15.448Z"
  }
},
{
  "model": "finance.payment",
  "pk": 30,
  "fields": {
    "created_at": "2026-03-12T09:31:16.094Z",
    "updated_at": "2026-03-12T09:31:16.094Z",
    "student": 39,
    "academic_year": 1,
    "trimester": 1,
    "amount": "36000.00",
    "method": "seeded-mobile-money",
    "ref": "SEED-39-1-2",
    "paid_at": "2026-03-10T09:31:15.448Z"
  }
},
{
  "model": "finance.payment",
  "pk": 31,
  "fields": {
    "created_at": "2026-03-12T09:31:16.103Z",
    "updated_at": "2026-03-12T09:31:16.103Z",
    "student": 41,
    "academic_year": 1,
    "trimester": 1,
    "amount": "39600.00",
    "method": "seeded-mobile-money",
    "ref": "SEED-41-1-1",
    "paid_at": "2026-03-11T09:31:15.448Z"
  }
},
{
  "model": "finance.payment",
  "pk": 32,
  "fields": {
    "created_at": "2026-03-12T09:31:16.106Z",
    "updated_at": "2026-03-12T09:31:16.106Z",
    "student": 41,
    "academic_year": 1,
    "trimester": 1,
    "amount": "26400.00",
    "method": "seeded-mobile-money",
    "ref": "SEED-41-1-2",
    "paid_at": "2026-03-10T09:31:15.448Z"
  }
},
{
  "model": "finance.payment",
  "pk": 33,
  "fields": {
    "created_at": "2026-03-12T09:31:16.114Z",
    "updated_at": "2026-03-12T09:31:16.114Z",
    "student": 43,
    "academic_year": 1,
    "trimester": 1,
    "amount": "54000.00",
    "method": "seeded-mobile-money",
    "ref": "SEED-43-1-1",
    "paid_at": "2026-03-11T09:31:15.448Z"
  }
},
{
  "model": "finance.payment",
  "pk": 34,
  "fields": {
    "created_at": "2026-03-12T09:31:16.116Z",
    "updated_at": "2026-03-12T09:31:16.116Z",
    "student": 43,
    "academic_year": 1,
    "trimester": 1,
    "amount": "36000.00",
    "method": "seeded-mobile-money",
    "ref": "SEED-43-1-2",
    "paid_at": "2026-03-10T09:31:15.448Z"
  }
},
{
  "model": "finance.payment",
  "pk": 35,
  "fields": {
    "created_at": "2026-03-19T07:37:50.803Z",
    "updated_at": "2026-03-19T07:37:50.804Z",
    "student": 13,
    "academic_year": 1,
    "trimester": 1,
    "amount": "20000.00",
    "method": "Cash",
    "ref": "Y579ggrhb",
    "paid_at": "2026-03-19T07:37:50.803Z"
  }
},
{
  "model": "finance.payment",
  "pk": 36,
  "fields": {
    "created_at": "2026-03-19T08:24:54.515Z",
    "updated_at": "2026-03-19T08:24:54.515Z",
    "student": 5,
    "academic_year": 2025,
    "trimester": 1,
    "amount": "30000.00",
    "method": "Cash",
    "ref": "Behsneke",
    "paid_at": "2026-03-19T08:24:54.515Z"
  }
},
{
  "model": "finance.financethreshold",
  "pk": 1,
  "fields": {
    "created_at": "2025-11-19T11:28:50.787Z",
    "updated_at": "2025-11-19T11:28:50.787Z",
    "programme": 1,
    "academic_year": 2025,
    "trimester": 1,
    "threshold_amount": "5000.00"
  }
},
{
  "model": "finance.financestatus",
  "pk": 1,
  "fields": {
    "created_at": "2026-03-12T09:30:32.153Z",
    "updated_at": "2026-03-12T09:31:15.856Z",
    "student": 5,
    "academic_year": 1,
    "trimester": 1,
    "total_due": "120000.00",
    "total_paid": "90000.00",
    "status": "partial",
    "clearance_status": "cleared_for_registration"
  }
},
{
  "model": "finance.financestatus",
  "pk": 2,
  "fields": {
    "created_at": "2026-03-12T09:30:32.173Z",
    "updated_at": "2026-03-19T08:25:05.662Z",
    "student": 13,
    "academic_year": 1,
    "trimester": 1,
    "total_due": "120000.00",
    "total_paid": "86000.00",
    "status": "partial",
    "clearance_status": "cleared_for_registration"
  }
},
{
  "model": "finance.financestatus",
  "pk": 3,
  "fields": {
    "created_at": "2026-03-12T09:31:15.889Z",
    "updated_at": "2026-03-12T09:31:15.889Z",
    "student": 15,
    "academic_year": 1,
    "trimester": 1,
    "total_due": "120000.00",
    "total_paid": "90000.00",
    "status": "partial",
    "clearance_status": "cleared_for_registration"
  }
},
{
  "model": "finance.financestatus",
  "pk": 4,
  "fields": {
    "created_at": "2026-03-12T09:31:15.908Z",
    "updated_at": "2026-03-12T09:31:15.908Z",
    "student": 17,
    "academic_year": 1,
    "trimester": 1,
    "total_due": "120000.00",
    "total_paid": "66000.00",
    "status": "partial",
    "clearance_status": "blocked"
  }
},
{
  "model": "finance.financestatus",
  "pk": 5,
  "fields": {
    "created_at": "2026-03-12T09:31:15.924Z",
    "updated_at": "2026-03-12T09:31:15.924Z",
    "student": 19,
    "academic_year": 1,
    "trimester": 1,
    "total_due": "120000.00",
    "total_paid": "90000.00",
    "status": "partial",
    "clearance_status": "cleared_for_registration"
  }
},
{
  "model": "finance.financestatus",
  "pk": 6,
  "fields": {
    "created_at": "2026-03-12T09:31:15.942Z",
    "updated_at": "2026-03-19T07:17:03.725Z",
    "student": 21,
    "academic_year": 2,
    "trimester": 1,
    "total_due": "120000.00",
    "total_paid": "90000.00",
    "status": "partial",
    "clearance_status": "cleared_for_registration"
  }
},
{
  "model": "finance.financestatus",
  "pk": 7,
  "fields": {
    "created_at": "2026-03-12T09:31:15.959Z",
    "updated_at": "2026-03-19T07:17:03.750Z",
    "student": 23,
    "academic_year": 2,
    "trimester": 1,
    "total_due": "120000.00",
    "total_paid": "90000.00",
    "status": "partial",
    "clearance_status": "cleared_for_registration"
  }
},
{
  "model": "finance.financestatus",
  "pk": 8,
  "fields": {
    "created_at": "2026-03-12T09:31:15.975Z",
    "updated_at": "2026-03-19T07:17:03.781Z",
    "student": 25,
    "academic_year": 2,
    "trimester": 1,
    "total_due": "120000.00",
    "total_paid": "90000.00",
    "status": "partial",
    "clearance_status": "cleared_for_registration"
  }
},
{
  "model": "finance.financestatus",
  "pk": 9,
  "fields": {
    "created_at": "2026-03-12T09:31:15.991Z",
    "updated_at": "2026-03-12T09:31:15.991Z",
    "student": 27,
    "academic_year": 1,
    "trimester": 1,
    "total_due": "120000.00",
    "total_paid": "90000.00",
    "status": "partial",
    "clearance_status": "cleared_for_registration"
  }
},
{
  "model": "finance.financestatus",
  "pk": 10,
  "fields": {
    "created_at": "2026-03-12T09:31:16.007Z",
    "updated_at": "2026-03-12T09:31:16.007Z",
    "student": 29,
    "academic_year": 1,
    "trimester": 1,
    "total_due": "120000.00",
    "total_paid": "66000.00",
    "status": "partial",
    "clearance_status": "blocked"
  }
},
{
  "model": "finance.financestatus",
  "pk": 11,
  "fields": {
    "created_at": "2026-03-12T09:31:16.024Z",
    "updated_at": "2026-03-12T09:31:16.024Z",
    "student": 31,
    "academic_year": 1,
    "trimester": 1,
    "total_due": "120000.00",
    "total_paid": "90000.00",
    "status": "partial",
    "clearance_status": "cleared_for_registration"
  }
},
{
  "model": "finance.financestatus",
  "pk": 12,
  "fields": {
    "created_at": "2026-03-12T09:31:16.041Z",
    "updated_at": "2026-03-12T09:31:16.041Z",
    "student": 33,
    "academic_year": 2,
    "trimester": 1,
    "total_due": "120000.00",
    "total_paid": "66000.00",
    "status": "partial",
    "clearance_status": "blocked"
  }
},
{
  "model": "finance.financestatus",
  "pk": 13,
  "fields": {
    "created_at": "2026-03-12T09:31:16.060Z",
    "updated_at": "2026-03-12T09:31:16.061Z",
    "student": 35,
    "academic_year": 2,
    "trimester": 1,
    "total_due": "120000.00",
    "total_paid": "90000.00",
    "status": "partial",
    "clearance_status": "cleared_for_registration"
  }
},
{
  "model": "finance.financestatus",
  "pk": 14,
  "fields": {
    "created_at": "2026-03-12T09:31:16.077Z",
    "updated_at": "2026-03-12T09:31:16.077Z",
    "student": 37,
    "academic_year": 2,
    "trimester": 1,
    "total_due": "120000.00",
    "total_paid": "66000.00",
    "status": "partial",
    "clearance_status": "blocked"
  }
},
{
  "model": "finance.financestatus",
  "pk": 15,
  "fields": {
    "created_at": "2026-03-12T09:31:16.090Z",
    "updated_at": "2026-03-12T09:31:16.090Z",
    "student": 39,
    "academic_year": 1,
    "trimester": 1,
    "total_due": "120000.00",
    "total_paid": "90000.00",
    "status": "partial",
    "clearance_status": "cleared_for_registration"
  }
},
{
  "model": "finance.financestatus",
  "pk": 16,
  "fields": {
    "created_at": "2026-03-12T09:31:16.099Z",
    "updated_at": "2026-03-12T09:31:16.099Z",
    "student": 41,
    "academic_year": 1,
    "trimester": 1,
    "total_due": "120000.00",
    "total_paid": "66000.00",
    "status": "partial",
    "clearance_status": "blocked"
  }
},
{
  "model": "finance.financestatus",
  "pk": 17,
  "fields": {
    "created_at": "2026-03-12T09:31:16.112Z",
    "updated_at": "2026-03-12T09:31:16.112Z",
    "student": 43,
    "academic_year": 1,
    "trimester": 1,
    "total_due": "120000.00",
    "total_paid": "90000.00",
    "status": "partial",
    "clearance_status": "cleared_for_registration"
  }
},
{
  "model": "finance.financestatus",
  "pk": 18,
  "fields": {
    "created_at": "2026-03-19T07:17:03.268Z",
    "updated_at": "2026-03-19T08:24:54.540Z",
    "student": 5,
    "academic_year": 2025,
    "trimester": 1,
    "total_due": "120000.00",
    "total_paid": "120000.00",
    "status": "paid",
    "clearance_status": "cleared_for_registration"
  }
},
{
  "model": "finance.financestatus",
  "pk": 19,
  "fields": {
    "created_at": "2026-03-19T07:17:03.310Z",
    "updated_at": "2026-03-19T07:17:03.310Z",
    "student": 27,
    "academic_year": 2025,
    "trimester": 1,
    "total_due": "120000.00",
    "total_paid": "90000.00",
    "status": "partial",
    "clearance_status": "cleared_for_registration"
  }
},
{
  "model": "finance.financestatus",
  "pk": 20,
  "fields": {
    "created_at": "2026-03-19T07:17:03.359Z",
    "updated_at": "2026-03-19T07:17:03.359Z",
    "student": 29,
    "academic_year": 2025,
    "trimester": 1,
    "total_due": "120000.00",
    "total_paid": "90000.00",
    "status": "partial",
    "clearance_status": "cleared_for_registration"
  }
},
{
  "model": "finance.financestatus",
  "pk": 21,
  "fields": {
    "created_at": "2026-03-19T07:17:03.394Z",
    "updated_at": "2026-03-19T07:17:03.394Z",
    "student": 31,
    "academic_year": 2025,
    "trimester": 1,
    "total_due": "120000.00",
    "total_paid": "90000.00",
    "status": "partial",
    "clearance_status": "cleared_for_registration"
  }
},
{
  "model": "finance.financestatus",
  "pk": 22,
  "fields": {
    "created_at": "2026-03-19T07:17:03.433Z",
    "updated_at": "2026-03-19T07:17:03.433Z",
    "student": 33,
    "academic_year": 2025,
    "trimester": 1,
    "total_due": "120000.00",
    "total_paid": "90000.00",
    "status": "partial",
    "clearance_status": "cleared_for_registration"
  }
},
{
  "model": "finance.financestatus",
  "pk": 23,
  "fields": {
    "created_at": "2026-03-19T07:17:03.471Z",
    "updated_at": "2026-03-19T07:17:03.471Z",
    "student": 35,
    "academic_year": 2025,
    "trimester": 1,
    "total_due": "120000.00",
    "total_paid": "90000.00",
    "status": "partial",
    "clearance_status": "cleared_for_registration"
  }
},
{
  "model": "finance.financestatus",
  "pk": 24,
  "fields": {
    "created_at": "2026-03-19T07:17:03.509Z",
    "updated_at": "2026-03-19T07:17:03.509Z",
    "student": 37,
    "academic_year": 2025,
    "trimester": 1,
    "total_due": "120000.00",
    "total_paid": "90000.00",
    "status": "partial",
    "clearance_status": "cleared_for_registration"
  }
},
{
  "model": "finance.financestatus",
  "pk": 25,
  "fields": {
    "created_at": "2026-03-19T07:17:03.563Z",
    "updated_at": "2026-03-19T07:17:03.563Z",
    "student": 13,
    "academic_year": 2,
    "trimester": 1,
    "total_due": "120000.00",
    "total_paid": "90000.00",
    "status": "partial",
    "clearance_status": "cleared_for_registration"
  }
},
{
  "model": "finance.financestatus",
  "pk": 26,
  "fields": {
    "created_at": "2026-03-19T07:17:03.606Z",
    "updated_at": "2026-03-19T07:17:03.606Z",
    "student": 15,
    "academic_year": 2,
    "trimester": 1,
    "total_due": "120000.00",
    "total_paid": "90000.00",
    "status": "partial",
    "clearance_status": "cleared_for_registration"
  }
},
{
  "model": "finance.financestatus",
  "pk": 27,
  "fields": {
    "created_at": "2026-03-19T07:17:03.641Z",
    "updated_at": "2026-03-19T07:17:03.641Z",
    "student": 17,
    "academic_year": 2,
    "trimester": 1,
    "total_due": "120000.00",
    "total_paid": "90000.00",
    "status": "partial",
    "clearance_status": "cleared_for_registration"
  }
},
{
  "model": "finance.financestatus",
  "pk": 28,
  "fields": {
    "created_at": "2026-03-19T07:17:03.678Z",
    "updated_at": "2026-03-19T07:17:03.678Z",
    "student": 19,
    "academic_year": 2,
    "trimester": 1,
    "total_due": "120000.00",
    "total_paid": "90000.00",
    "status": "partial",
    "clearance_status": "cleared_for_registration"
  }
},
{
  "model": "communications.coursechatroom",
  "pk": 1,
  "fields": {
    "created_at": "2026-03-12T09:42:02.702Z",
    "updated_at": "2026-03-12T09:42:02.702Z",
    "unit": 1
  }
},
{
  "model": "communications.coursechatroom",
  "pk": 2,
  "fields": {
    "created_at": "2026-03-12T09:42:02.713Z",
    "updated_at": "2026-03-12T09:42:02.713Z",
    "unit": 2
  }
},
{
  "model": "communications.coursechatroom",
  "pk": 3,
  "fields": {
    "created_at": "2026-03-12T09:42:02.723Z",
    "updated_at": "2026-03-12T09:42:02.723Z",
    "unit": 3
  }
},
{
  "model": "communications.coursechatroom",
  "pk": 4,
  "fields": {
    "created_at": "2026-03-12T09:42:02.733Z",
    "updated_at": "2026-03-12T09:42:02.733Z",
    "unit": 4
  }
},
{
  "model": "communications.coursechatroom",
  "pk": 5,
  "fields": {
    "created_at": "2026-03-12T09:42:02.740Z",
    "updated_at": "2026-03-12T09:42:02.740Z",
    "unit": 5
  }
},
{
  "model": "communications.coursechatroom",
  "pk": 6,
  "fields": {
    "created_at": "2026-03-12T09:42:02.751Z",
    "updated_at": "2026-03-12T09:42:02.751Z",
    "unit": 6
  }
},
{
  "model": "communications.coursechatroom",
  "pk": 7,
  "fields": {
    "created_at": "2026-03-12T09:42:02.761Z",
    "updated_at": "2026-03-12T09:42:02.761Z",
    "unit": 7
  }
},
{
  "model": "communications.coursechatroom",
  "pk": 8,
  "fields": {
    "created_at": "2026-03-12T09:42:02.769Z",
    "updated_at": "2026-03-12T09:42:02.769Z",
    "unit": 8
  }
},
{
  "model": "communications.coursechatroom",
  "pk": 9,
  "fields": {
    "created_at": "2026-03-12T09:42:02.778Z",
    "updated_at": "2026-03-12T09:42:02.778Z",
    "unit": 10
  }
},
{
  "model": "communications.coursechatroom",
  "pk": 10,
  "fields": {
    "created_at": "2026-03-12T09:42:02.786Z",
    "updated_at": "2026-03-12T09:42:02.786Z",
    "unit": 11
  }
},
{
  "model": "communications.coursechatroom",
  "pk": 11,
  "fields": {
    "created_at": "2026-03-12T09:42:02.796Z",
    "updated_at": "2026-03-12T09:42:02.796Z",
    "unit": 12
  }
},
{
  "model": "communications.coursechatroom",
  "pk": 12,
  "fields": {
    "created_at": "2026-03-12T09:42:02.804Z",
    "updated_at": "2026-03-12T09:42:02.804Z",
    "unit": 13
  }
},
{
  "model": "communications.coursechatroom",
  "pk": 13,
  "fields": {
    "created_at": "2026-03-12T09:42:02.813Z",
    "updated_at": "2026-03-12T09:42:02.813Z",
    "unit": 14
  }
},
{
  "model": "communications.coursechatroom",
  "pk": 14,
  "fields": {
    "created_at": "2026-03-12T09:42:02.822Z",
    "updated_at": "2026-03-12T09:42:02.823Z",
    "unit": 15
  }
},
{
  "model": "communications.coursechatroom",
  "pk": 15,
  "fields": {
    "created_at": "2026-03-12T09:42:02.830Z",
    "updated_at": "2026-03-12T09:42:02.830Z",
    "unit": 16
  }
},
{
  "model": "communications.coursechatroom",
  "pk": 16,
  "fields": {
    "created_at": "2026-03-12T09:42:02.837Z",
    "updated_at": "2026-03-12T09:42:02.837Z",
    "unit": 17
  }
},
{
  "model": "communications.coursechatroom",
  "pk": 17,
  "fields": {
    "created_at": "2026-03-12T09:42:02.842Z",
    "updated_at": "2026-03-12T09:42:02.842Z",
    "unit": 18
  }
},
{
  "model": "communications.coursechatroom",
  "pk": 18,
  "fields": {
    "created_at": "2026-03-12T09:42:02.848Z",
    "updated_at": "2026-03-12T09:42:02.848Z",
    "unit": 19
  }
},
{
  "model": "communications.coursechatroom",
  "pk": 19,
  "fields": {
    "created_at": "2026-03-12T09:42:02.855Z",
    "updated_at": "2026-03-12T09:42:02.855Z",
    "unit": 20
  }
},
{
  "model": "communications.coursechatroom",
  "pk": 20,
  "fields": {
    "created_at": "2026-03-12T09:42:02.862Z",
    "updated_at": "2026-03-12T09:42:02.862Z",
    "unit": 21
  }
},
{
  "model": "communications.coursechatroom",
  "pk": 21,
  "fields": {
    "created_at": "2026-03-12T09:42:02.869Z",
    "updated_at": "2026-03-12T09:42:02.869Z",
    "unit": 22
  }
},
{
  "model": "communications.coursechatroom",
  "pk": 22,
  "fields": {
    "created_at": "2026-03-12T09:42:02.876Z",
    "updated_at": "2026-03-12T09:42:02.876Z",
    "unit": 23
  }
},
{
  "model": "communications.coursechatroom",
  "pk": 23,
  "fields": {
    "created_at": "2026-03-12T09:42:02.882Z",
    "updated_at": "2026-03-12T09:42:02.882Z",
    "unit": 24
  }
},
{
  "model": "communications.coursechatroom",
  "pk": 24,
  "fields": {
    "created_at": "2026-03-12T09:42:02.889Z",
    "updated_at": "2026-03-12T09:42:02.889Z",
    "unit": 25
  }
},
{
  "model": "communications.coursechatroom",
  "pk": 25,
  "fields": {
    "created_at": "2026-03-12T09:42:02.896Z",
    "updated_at": "2026-03-12T09:42:02.896Z",
    "unit": 26
  }
},
{
  "model": "communications.coursechatroom",
  "pk": 26,
  "fields": {
    "created_at": "2026-03-12T09:42:02.905Z",
    "updated_at": "2026-03-12T09:42:02.905Z",
    "unit": 27
  }
},
{
  "model": "communications.coursechatroom",
  "pk": 27,
  "fields": {
    "created_at": "2026-03-12T09:42:02.913Z",
    "updated_at": "2026-03-12T09:42:02.913Z",
    "unit": 28
  }
},
{
  "model": "communications.coursechatroom",
  "pk": 28,
  "fields": {
    "created_at": "2026-03-12T09:42:02.922Z",
    "updated_at": "2026-03-12T09:42:02.922Z",
    "unit": 29
  }
},
{
  "model": "communications.coursechatroom",
  "pk": 29,
  "fields": {
    "created_at": "2026-03-12T09:42:02.930Z",
    "updated_at": "2026-03-12T09:42:02.930Z",
    "unit": 30
  }
},
{
  "model": "communications.coursechatroom",
  "pk": 30,
  "fields": {
    "created_at": "2026-03-12T09:42:02.938Z",
    "updated_at": "2026-03-12T09:42:02.938Z",
    "unit": 31
  }
},
{
  "model": "communications.coursechatroom",
  "pk": 31,
  "fields": {
    "created_at": "2026-03-12T09:42:02.944Z",
    "updated_at": "2026-03-12T09:42:02.944Z",
    "unit": 32
  }
},
{
  "model": "communications.coursechatroom",
  "pk": 32,
  "fields": {
    "created_at": "2026-03-12T09:42:02.950Z",
    "updated_at": "2026-03-12T09:42:02.950Z",
    "unit": 33
  }
},
{
  "model": "communications.coursechatroom",
  "pk": 33,
  "fields": {
    "created_at": "2026-03-12T09:42:02.957Z",
    "updated_at": "2026-03-12T09:42:02.957Z",
    "unit": 9
  }
},
{
  "model": "communications.chatmessage",
  "pk": 1,
  "fields": {
    "created_at": "2026-03-12T09:42:52.567Z",
    "updated_at": "2026-03-12T09:42:52.567Z",
    "chatroom": 2,
    "author_user": 3,
    "message": "Hello"
  }
},
{
  "model": "communications.chatmessage",
  "pk": 3,
  "fields": {
    "created_at": "2026-03-19T08:35:44.044Z",
    "updated_at": "2026-03-19T08:35:44.044Z",
    "chatroom": 3,
    "author_user": 4,
    "message": "Welcome to DTM103. This class community is ready for course updates, questions, and lecturer announcements."
  }
},
{
  "model": "communications.chatmessage",
  "pk": 4,
  "fields": {
    "created_at": "2026-03-19T08:35:44.054Z",
    "updated_at": "2026-03-19T08:35:44.054Z",
    "chatroom": 4,
    "author_user": 4,
    "message": "Welcome to DTM104. This class community is ready for course updates, questions, and lecturer announcements."
  }
},
{
  "model": "communications.chatmessage",
  "pk": 5,
  "fields": {
    "created_at": "2026-03-19T08:35:44.064Z",
    "updated_at": "2026-03-19T08:35:44.064Z",
    "chatroom": 5,
    "author_user": 3,
    "message": "Welcome to DTM105. This class community is ready for course updates, questions, and lecturer announcements."
  }
},
{
  "model": "communications.chatmessage",
  "pk": 6,
  "fields": {
    "created_at": "2026-03-19T08:35:44.075Z",
    "updated_at": "2026-03-19T08:35:44.075Z",
    "chatroom": 6,
    "author_user": 4,
    "message": "Welcome to DTM106. This class community is ready for course updates, questions, and lecturer announcements."
  }
},
{
  "model": "communications.chatmessage",
  "pk": 7,
  "fields": {
    "created_at": "2026-03-19T08:35:44.089Z",
    "updated_at": "2026-03-19T08:35:44.089Z",
    "chatroom": 7,
    "author_user": 3,
    "message": "Welcome to DTM201. This class community is ready for course updates, questions, and lecturer announcements."
  }
},
{
  "model": "communications.chatmessage",
  "pk": 8,
  "fields": {
    "created_at": "2026-03-19T08:35:44.103Z",
    "updated_at": "2026-03-19T08:35:44.103Z",
    "chatroom": 8,
    "author_user": 4,
    "message": "Welcome to DTM202. This class community is ready for course updates, questions, and lecturer announcements."
  }
},
{
  "model": "communications.chatmessage",
  "pk": 9,
  "fields": {
    "created_at": "2026-03-19T08:35:44.115Z",
    "updated_at": "2026-03-19T08:35:44.115Z",
    "chatroom": 9,
    "author_user": 3,
    "message": "Welcome to TT-111. This class community is ready for course updates, questions, and lecturer announcements."
  }
},
{
  "model": "communications.chatmessage",
  "pk": 10,
  "fields": {
    "created_at": "2026-03-19T08:35:44.128Z",
    "updated_at": "2026-03-19T08:35:44.128Z",
    "chatroom": 10,
    "author_user": 4,
    "message": "Welcome to TT-112. This class community is ready for course updates, questions, and lecturer announcements."
  }
},
{
  "model": "communications.chatmessage",
  "pk": 11,
  "fields": {
    "created_at": "2026-03-19T08:35:44.140Z",
    "updated_at": "2026-03-19T08:35:44.140Z",
    "chatroom": 11,
    "author_user": 3,
    "message": "Welcome to TT-113. This class community is ready for course updates, questions, and lecturer announcements."
  }
},
{
  "model": "communications.chatmessage",
  "pk": 12,
  "fields": {
    "created_at": "2026-03-19T08:35:44.150Z",
    "updated_at": "2026-03-19T08:35:44.150Z",
    "chatroom": 12,
    "author_user": 4,
    "message": "Welcome to TT-114. This class community is ready for course updates, questions, and lecturer announcements."
  }
},
{
  "model": "communications.chatmessage",
  "pk": 13,
  "fields": {
    "created_at": "2026-03-19T08:35:44.160Z",
    "updated_at": "2026-03-19T08:35:44.160Z",
    "chatroom": 13,
    "author_user": 3,
    "message": "Welcome to TT-121. This class community is ready for course updates, questions, and lecturer announcements."
  }
},
{
  "model": "communications.chatmessage",
  "pk": 14,
  "fields": {
    "created_at": "2026-03-19T08:35:44.173Z",
    "updated_at": "2026-03-19T08:35:44.173Z",
    "chatroom": 14,
    "author_user": 4,
    "message": "Welcome to TT-122. This class community is ready for course updates, questions, and lecturer announcements."
  }
},
{
  "model": "communications.chatmessage",
  "pk": 15,
  "fields": {
    "created_at": "2026-03-19T08:35:44.184Z",
    "updated_at": "2026-03-19T08:35:44.184Z",
    "chatroom": 15,
    "author_user": 3,
    "message": "Welcome to TT-123. This class community is ready for course updates, questions, and lecturer announcements."
  }
},
{
  "model": "communications.chatmessage",
  "pk": 16,
  "fields": {
    "created_at": "2026-03-19T08:35:44.194Z",
    "updated_at": "2026-03-19T08:35:44.194Z",
    "chatroom": 16,
    "author_user": 4,
    "message": "Welcome to TT-124. This class community is ready for course updates, questions, and lecturer announcements."
  }
},
{
  "model": "communications.chatmessage",
  "pk": 17,
  "fields": {
    "created_at": "2026-03-19T08:35:44.208Z",
    "updated_at": "2026-03-19T08:35:44.208Z",
    "chatroom": 17,
    "author_user": 3,
    "message": "Welcome to TT-131. This class community is ready for course updates, questions, and lecturer announcements."
  }
},
{
  "model": "communications.chatmessage",
  "pk": 18,
  "fields": {
    "created_at": "2026-03-19T08:35:44.222Z",
    "updated_at": "2026-03-19T08:35:44.222Z",
    "chatroom": 18,
    "author_user": 4,
    "message": "Welcome to TT-132. This class community is ready for course updates, questions, and lecturer announcements."
  }
},
{
  "model": "communications.chatmessage",
  "pk": 19,
  "fields": {
    "created_at": "2026-03-19T08:35:44.232Z",
    "updated_at": "2026-03-19T08:35:44.232Z",
    "chatroom": 19,
    "author_user": 3,
    "message": "Welcome to TT-133. This class community is ready for course updates, questions, and lecturer announcements."
  }
},
{
  "model": "communications.chatmessage",
  "pk": 20,
  "fields": {
    "created_at": "2026-03-19T08:35:44.244Z",
    "updated_at": "2026-03-19T08:35:44.244Z",
    "chatroom": 20,
    "author_user": 4,
    "message": "Welcome to TT-134. This class community is ready for course updates, questions, and lecturer announcements."
  }
},
{
  "model": "communications.chatmessage",
  "pk": 21,
  "fields": {
    "created_at": "2026-03-19T08:35:44.258Z",
    "updated_at": "2026-03-19T08:35:44.258Z",
    "chatroom": 21,
    "author_user": 3,
    "message": "Welcome to TT-211. This class community is ready for course updates, questions, and lecturer announcements."
  }
},
{
  "model": "communications.chatmessage",
  "pk": 22,
  "fields": {
    "created_at": "2026-03-19T08:35:44.271Z",
    "updated_at": "2026-03-19T08:35:44.271Z",
    "chatroom": 22,
    "author_user": 4,
    "message": "Welcome to TT-212. This class community is ready for course updates, questions, and lecturer announcements."
  }
},
{
  "model": "communications.chatmessage",
  "pk": 23,
  "fields": {
    "created_at": "2026-03-19T08:35:44.287Z",
    "updated_at": "2026-03-19T08:35:44.287Z",
    "chatroom": 23,
    "author_user": 3,
    "message": "Welcome to TT-213. This class community is ready for course updates, questions, and lecturer announcements."
  }
},
{
  "model": "communications.chatmessage",
  "pk": 24,
  "fields": {
    "created_at": "2026-03-19T08:35:44.301Z",
    "updated_at": "2026-03-19T08:35:44.301Z",
    "chatroom": 24,
    "author_user": 4,
    "message": "Welcome to TT-214. This class community is ready for course updates, questions, and lecturer announcements."
  }
},
{
  "model": "communications.chatmessage",
  "pk": 25,
  "fields": {
    "created_at": "2026-03-19T08:35:44.316Z",
    "updated_at": "2026-03-19T08:35:44.316Z",
    "chatroom": 25,
    "author_user": 3,
    "message": "Welcome to TT-221. This class community is ready for course updates, questions, and lecturer announcements."
  }
},
{
  "model": "communications.chatmessage",
  "pk": 26,
  "fields": {
    "created_at": "2026-03-19T08:35:44.343Z",
    "updated_at": "2026-03-19T08:35:44.343Z",
    "chatroom": 26,
    "author_user": 4,
    "message": "Welcome to TT-222. This class community is ready for course updates, questions, and lecturer announcements."
  }
},
{
  "model": "communications.chatmessage",
  "pk": 27,
  "fields": {
    "created_at": "2026-03-19T08:35:44.376Z",
    "updated_at": "2026-03-19T08:35:44.376Z",
    "chatroom": 27,
    "author_user": 3,
    "message": "Welcome to TT-223. This class community is ready for course updates, questions, and lecturer announcements."
  }
},
{
  "model": "communications.chatmessage",
  "pk": 28,
  "fields": {
    "created_at": "2026-03-19T08:35:44.407Z",
    "updated_at": "2026-03-19T08:35:44.407Z",
    "chatroom": 28,
    "author_user": 4,
    "message": "Welcome to TT-224. This class community is ready for course updates, questions, and lecturer announcements."
  }
},
{
  "model": "communications.chatmessage",
  "pk": 29,
  "fields": {
    "created_at": "2026-03-19T08:35:44.437Z",
    "updated_at": "2026-03-19T08:35:44.437Z",
    "chatroom": 29,
    "author_user": 3,
    "message": "Welcome to TT-231. This class community is ready for course updates, questions, and lecturer announcements."
  }
},
{
  "model": "communications.chatmessage",
  "pk": 30,
  "fields": {
    "created_at": "2026-03-19T08:35:44.460Z",
    "updated_at": "2026-03-19T08:35:44.460Z",
    "chatroom": 30,
    "author_user": 4,
    "message": "Welcome to TT-232. This class community is ready for course updates, questions, and lecturer announcements."
  }
},
{
  "model": "communications.chatmessage",
  "pk": 31,
  "fields": {
    "created_at": "2026-03-19T08:35:44.479Z",
    "updated_at": "2026-03-19T08:35:44.479Z",
    "chatroom": 31,
    "author_user": 3,
    "message": "Welcome to TT-233. This class community is ready for course updates, questions, and lecturer announcements."
  }
},
{
  "model": "communications.chatmessage",
  "pk": 32,
  "fields": {
    "created_at": "2026-03-19T08:35:44.505Z",
    "updated_at": "2026-03-19T08:35:44.505Z",
    "chatroom": 32,
    "author_user": 4,
    "message": "Welcome to TT-234. This class community is ready for course updates, questions, and lecturer announcements."
  }
},
{
  "model": "communications.chatmessage",
  "pk": 33,
  "fields": {
    "created_at": "2026-03-19T08:35:44.533Z",
    "updated_at": "2026-03-19T08:35:44.534Z",
    "chatroom": 33,
    "author_user": 3,
    "message": "Welcome to TTM101-U1. This class community is ready for course updates, questions, and lecturer announcements."
  }
},
{
  "model": "communications.chatmessage",
  "pk": 34,
  "fields": {
    "created_at": "2026-03-19T08:37:53.187Z",
    "updated_at": "2026-03-19T08:37:53.187Z",
    "chatroom": 1,
    "author_user": 3,
    "message": "Welcome to DTM101. This class community is ready for course updates, questions, and lecturer announcements."
  }
},
{
  "model": "communications.chatmessage",
  "pk": 35,
  "fields": {
    "created_at": "2026-03-22T15:19:19.527Z",
    "updated_at": "2026-03-22T15:19:19.527Z",
    "chatroom": 1,
    "author_user": 3,
    "message": "Demo class call ready for DTM101. Starts Mon 23 Mar 02:00 PM. Join: https://meet.jit.si/eduassist-dtm101-64b59d19"
  }
},
{
  "model": "communications.chatmessage",
  "pk": 36,
  "fields": {
    "created_at": "2026-03-22T17:39:34.723Z",
    "updated_at": "2026-03-22T17:39:34.723Z",
    "chatroom": 1,
    "author_user": 3,
    "message": "Demo class call ready for DTM101. Starts Mon 23 Mar 02:00 PM. Join: https://meet.jit.si/eduassist-dtm101-4f34c7a4"
  }
},
{
  "model": "communications.thread",
  "pk": 1,
  "fields": {
    "created_at": "2026-03-19T07:17:03.256Z",
    "updated_at": "2026-03-19T07:17:03.256Z",
    "subject": "DTM101 lecturer channel",
    "student": 5,
    "teacher": 3,
    "parent": null
  }
},
{
  "model": "communications.thread",
  "pk": 2,
  "fields": {
    "created_at": "2026-03-19T07:17:03.261Z",
    "updated_at": "2026-03-19T07:17:03.261Z",
    "subject": "DTM101 guardian channel",
    "student": 5,
    "teacher": 3,
    "parent": 6
  }
},
{
  "model": "communications.thread",
  "pk": 3,
  "fields": {
    "created_at": "2026-03-19T07:17:03.293Z",
    "updated_at": "2026-03-19T07:17:03.293Z",
    "subject": "DTM101 lecturer channel",
    "student": 27,
    "teacher": 3,
    "parent": null
  }
},
{
  "model": "communications.thread",
  "pk": 4,
  "fields": {
    "created_at": "2026-03-19T07:17:03.295Z",
    "updated_at": "2026-03-19T07:17:03.295Z",
    "subject": "DTM101 guardian channel",
    "student": 27,
    "teacher": 3,
    "parent": 28
  }
},
{
  "model": "communications.thread",
  "pk": 5,
  "fields": {
    "created_at": "2026-03-19T07:17:03.304Z",
    "updated_at": "2026-03-19T07:17:03.304Z",
    "subject": "DTM103 lecturer channel",
    "student": 27,
    "teacher": 4,
    "parent": null
  }
},
{
  "model": "communications.thread",
  "pk": 6,
  "fields": {
    "created_at": "2026-03-19T07:17:03.306Z",
    "updated_at": "2026-03-19T07:17:03.306Z",
    "subject": "DTM103 guardian channel",
    "student": 27,
    "teacher": 4,
    "parent": 28
  }
},
{
  "model": "communications.thread",
  "pk": 7,
  "fields": {
    "created_at": "2026-03-19T07:17:03.338Z",
    "updated_at": "2026-03-19T07:17:03.338Z",
    "subject": "DTM101 lecturer channel",
    "student": 29,
    "teacher": 3,
    "parent": null
  }
},
{
  "model": "communications.thread",
  "pk": 8,
  "fields": {
    "created_at": "2026-03-19T07:17:03.342Z",
    "updated_at": "2026-03-19T07:17:03.342Z",
    "subject": "DTM101 guardian channel",
    "student": 29,
    "teacher": 3,
    "parent": 30
  }
},
{
  "model": "communications.thread",
  "pk": 9,
  "fields": {
    "created_at": "2026-03-19T07:17:03.353Z",
    "updated_at": "2026-03-19T07:17:03.353Z",
    "subject": "DTM103 lecturer channel",
    "student": 29,
    "teacher": 4,
    "parent": null
  }
},
{
  "model": "communications.thread",
  "pk": 10,
  "fields": {
    "created_at": "2026-03-19T07:17:03.355Z",
    "updated_at": "2026-03-19T07:17:03.355Z",
    "subject": "DTM103 guardian channel",
    "student": 29,
    "teacher": 4,
    "parent": 30
  }
},
{
  "model": "communications.thread",
  "pk": 11,
  "fields": {
    "created_at": "2026-03-19T07:17:03.379Z",
    "updated_at": "2026-03-19T07:17:03.379Z",
    "subject": "DTM101 lecturer channel",
    "student": 31,
    "teacher": 3,
    "parent": null
  }
},
{
  "model": "communications.thread",
  "pk": 12,
  "fields": {
    "created_at": "2026-03-19T07:17:03.381Z",
    "updated_at": "2026-03-19T07:17:03.381Z",
    "subject": "DTM101 guardian channel",
    "student": 31,
    "teacher": 3,
    "parent": 32
  }
},
{
  "model": "communications.thread",
  "pk": 13,
  "fields": {
    "created_at": "2026-03-19T07:17:03.389Z",
    "updated_at": "2026-03-19T07:17:03.389Z",
    "subject": "DTM103 lecturer channel",
    "student": 31,
    "teacher": 4,
    "parent": null
  }
},
{
  "model": "communications.thread",
  "pk": 14,
  "fields": {
    "created_at": "2026-03-19T07:17:03.391Z",
    "updated_at": "2026-03-19T07:17:03.391Z",
    "subject": "DTM103 guardian channel",
    "student": 31,
    "teacher": 4,
    "parent": 32
  }
},
{
  "model": "communications.thread",
  "pk": 15,
  "fields": {
    "created_at": "2026-03-19T07:17:03.414Z",
    "updated_at": "2026-03-19T07:17:03.414Z",
    "subject": "DTM101 lecturer channel",
    "student": 33,
    "teacher": 3,
    "parent": null
  }
},
{
  "model": "communications.thread",
  "pk": 16,
  "fields": {
    "created_at": "2026-03-19T07:17:03.417Z",
    "updated_at": "2026-03-19T07:17:03.417Z",
    "subject": "DTM101 guardian channel",
    "student": 33,
    "teacher": 3,
    "parent": 34
  }
},
{
  "model": "communications.thread",
  "pk": 17,
  "fields": {
    "created_at": "2026-03-19T07:17:03.426Z",
    "updated_at": "2026-03-19T07:17:03.426Z",
    "subject": "DTM103 lecturer channel",
    "student": 33,
    "teacher": 4,
    "parent": null
  }
},
{
  "model": "communications.thread",
  "pk": 18,
  "fields": {
    "created_at": "2026-03-19T07:17:03.429Z",
    "updated_at": "2026-03-19T07:17:03.429Z",
    "subject": "DTM103 guardian channel",
    "student": 33,
    "teacher": 4,
    "parent": 34
  }
},
{
  "model": "communications.thread",
  "pk": 19,
  "fields": {
    "created_at": "2026-03-19T07:17:03.453Z",
    "updated_at": "2026-03-19T07:17:03.453Z",
    "subject": "DTM101 lecturer channel",
    "student": 35,
    "teacher": 3,
    "parent": null
  }
},
{
  "model": "communications.thread",
  "pk": 20,
  "fields": {
    "created_at": "2026-03-19T07:17:03.455Z",
    "updated_at": "2026-03-19T07:17:03.455Z",
    "subject": "DTM101 guardian channel",
    "student": 35,
    "teacher": 3,
    "parent": 36
  }
},
{
  "model": "communications.thread",
  "pk": 21,
  "fields": {
    "created_at": "2026-03-19T07:17:03.464Z",
    "updated_at": "2026-03-19T07:17:03.464Z",
    "subject": "DTM103 lecturer channel",
    "student": 35,
    "teacher": 4,
    "parent": null
  }
},
{
  "model": "communications.thread",
  "pk": 22,
  "fields": {
    "created_at": "2026-03-19T07:17:03.467Z",
    "updated_at": "2026-03-19T07:17:03.467Z",
    "subject": "DTM103 guardian channel",
    "student": 35,
    "teacher": 4,
    "parent": 36
  }
},
{
  "model": "communications.thread",
  "pk": 23,
  "fields": {
    "created_at": "2026-03-19T07:17:03.492Z",
    "updated_at": "2026-03-19T07:17:03.492Z",
    "subject": "DTM101 lecturer channel",
    "student": 37,
    "teacher": 3,
    "parent": null
  }
},
{
  "model": "communications.thread",
  "pk": 24,
  "fields": {
    "created_at": "2026-03-19T07:17:03.494Z",
    "updated_at": "2026-03-19T07:17:03.494Z",
    "subject": "DTM101 guardian channel",
    "student": 37,
    "teacher": 3,
    "parent": 38
  }
},
{
  "model": "communications.thread",
  "pk": 25,
  "fields": {
    "created_at": "2026-03-19T07:17:03.504Z",
    "updated_at": "2026-03-19T07:17:03.504Z",
    "subject": "DTM103 lecturer channel",
    "student": 37,
    "teacher": 4,
    "parent": null
  }
},
{
  "model": "communications.thread",
  "pk": 26,
  "fields": {
    "created_at": "2026-03-19T07:17:03.507Z",
    "updated_at": "2026-03-19T07:17:03.507Z",
    "subject": "DTM103 guardian channel",
    "student": 37,
    "teacher": 4,
    "parent": 38
  }
},
{
  "model": "communications.thread",
  "pk": 27,
  "fields": {
    "created_at": "2026-03-19T07:17:03.539Z",
    "updated_at": "2026-03-19T07:17:03.539Z",
    "subject": "TT-211 lecturer channel",
    "student": 13,
    "teacher": 3,
    "parent": null
  }
},
{
  "model": "communications.thread",
  "pk": 28,
  "fields": {
    "created_at": "2026-03-19T07:17:03.541Z",
    "updated_at": "2026-03-19T07:17:03.541Z",
    "subject": "TT-211 guardian channel",
    "student": 13,
    "teacher": 3,
    "parent": 14
  }
},
{
  "model": "communications.thread",
  "pk": 29,
  "fields": {
    "created_at": "2026-03-19T07:17:03.588Z",
    "updated_at": "2026-03-19T07:17:03.588Z",
    "subject": "TT-211 lecturer channel",
    "student": 15,
    "teacher": 3,
    "parent": null
  }
},
{
  "model": "communications.thread",
  "pk": 30,
  "fields": {
    "created_at": "2026-03-19T07:17:03.591Z",
    "updated_at": "2026-03-19T07:17:03.591Z",
    "subject": "TT-211 guardian channel",
    "student": 15,
    "teacher": 3,
    "parent": 16
  }
},
{
  "model": "communications.thread",
  "pk": 31,
  "fields": {
    "created_at": "2026-03-19T07:17:03.630Z",
    "updated_at": "2026-03-19T07:17:03.630Z",
    "subject": "TT-211 lecturer channel",
    "student": 17,
    "teacher": 3,
    "parent": null
  }
},
{
  "model": "communications.thread",
  "pk": 32,
  "fields": {
    "created_at": "2026-03-19T07:17:03.632Z",
    "updated_at": "2026-03-19T07:17:03.632Z",
    "subject": "TT-211 guardian channel",
    "student": 17,
    "teacher": 3,
    "parent": 18
  }
},
{
  "model": "communications.thread",
  "pk": 33,
  "fields": {
    "created_at": "2026-03-19T07:17:03.665Z",
    "updated_at": "2026-03-19T07:17:03.665Z",
    "subject": "TT-211 lecturer channel",
    "student": 19,
    "teacher": 3,
    "parent": null
  }
},
{
  "model": "communications.thread",
  "pk": 34,
  "fields": {
    "created_at": "2026-03-19T07:17:03.668Z",
    "updated_at": "2026-03-19T07:17:03.668Z",
    "subject": "TT-211 guardian channel",
    "student": 19,
    "teacher": 3,
    "parent": 20
  }
},
{
  "model": "communications.thread",
  "pk": 35,
  "fields": {
    "created_at": "2026-03-19T07:17:03.693Z",
    "updated_at": "2026-03-19T07:17:03.693Z",
    "subject": "TT-111 lecturer channel",
    "student": 21,
    "teacher": 3,
    "parent": null
  }
},
{
  "model": "communications.thread",
  "pk": 36,
  "fields": {
    "created_at": "2026-03-19T07:17:03.695Z",
    "updated_at": "2026-03-19T07:17:03.695Z",
    "subject": "TT-111 guardian channel",
    "student": 21,
    "teacher": 3,
    "parent": 22
  }
},
{
  "model": "communications.thread",
  "pk": 37,
  "fields": {
    "created_at": "2026-03-19T07:17:03.736Z",
    "updated_at": "2026-03-19T07:17:03.736Z",
    "subject": "TT-111 lecturer channel",
    "student": 23,
    "teacher": 3,
    "parent": null
  }
},
{
  "model": "communications.thread",
  "pk": 38,
  "fields": {
    "created_at": "2026-03-19T07:17:03.740Z",
    "updated_at": "2026-03-19T07:17:03.740Z",
    "subject": "TT-111 guardian channel",
    "student": 23,
    "teacher": 3,
    "parent": 24
  }
},
{
  "model": "communications.thread",
  "pk": 39,
  "fields": {
    "created_at": "2026-03-19T07:17:03.764Z",
    "updated_at": "2026-03-19T07:17:03.764Z",
    "subject": "TT-111 lecturer channel",
    "student": 25,
    "teacher": 3,
    "parent": null
  }
},
{
  "model": "communications.thread",
  "pk": 40,
  "fields": {
    "created_at": "2026-03-19T07:17:03.767Z",
    "updated_at": "2026-03-19T07:17:03.767Z",
    "subject": "TT-111 guardian channel",
    "student": 25,
    "teacher": 3,
    "parent": 26
  }
},
{
  "model": "communications.thread",
  "pk": 41,
  "fields": {
    "created_at": "2026-03-19T07:34:51.746Z",
    "updated_at": "2026-03-19T07:34:51.746Z",
    "subject": "Peer chat between Aisha Student and Demo Student DTM Year 2 #2",
    "student": 5,
    "teacher": 35,
    "parent": null
  }
},
{
  "model": "communications.thread",
  "pk": 42,
  "fields": {
    "created_at": "2026-03-19T07:37:12.359Z",
    "updated_at": "2026-03-19T07:37:12.359Z",
    "subject": "Peer chat between Aisha Student and Demo Student DTM Year 1 #1",
    "student": 5,
    "teacher": 27,
    "parent": null
  }
},
{
  "model": "communications.thread",
  "pk": 43,
  "fields": {
    "created_at": "2026-03-19T07:56:25.044Z",
    "updated_at": "2026-03-19T07:56:25.044Z",
    "subject": "Peer chat between Aisha Student and Demo Student DTM Year 2 #3",
    "student": 5,
    "teacher": 37,
    "parent": null
  }
},
{
  "model": "communications.thread",
  "pk": 44,
  "fields": {
    "created_at": "2026-03-19T08:27:24.145Z",
    "updated_at": "2026-03-19T08:27:24.145Z",
    "subject": "DTM103 lecturer channel",
    "student": 5,
    "teacher": 4,
    "parent": null
  }
},
{
  "model": "communications.thread",
  "pk": 45,
  "fields": {
    "created_at": "2026-03-19T08:27:24.158Z",
    "updated_at": "2026-03-19T08:27:24.158Z",
    "subject": "DTM103 guardian channel",
    "student": 5,
    "teacher": 4,
    "parent": 6
  }
},
{
  "model": "communications.thread",
  "pk": 46,
  "fields": {
    "created_at": "2026-03-19T08:35:56.003Z",
    "updated_at": "2026-03-19T08:35:56.003Z",
    "subject": "Peer chat between Aisha Student and Michael John",
    "student": 5,
    "teacher": 31,
    "parent": null
  }
},
{
  "model": "communications.message",
  "pk": 1,
  "fields": {
    "created_at": "2026-03-19T07:30:36.558Z",
    "updated_at": "2026-03-19T07:30:36.558Z",
    "thread": 2,
    "author": 5,
    "body": "",
    "sender_role": "student",
    "audio": "communications/audio/voice-1773905435566.m4a",
    "transcript": ""
  }
},
{
  "model": "repository.libraryasset",
  "pk": 1,
  "fields": {
    "created_at": "2026-01-15T10:01:32.250Z",
    "updated_at": "2026-02-26T06:51:22.363Z",
    "programme": null,
    "unit": null,
    "title": "Tourism Basics Handbook",
    "type": "pdf",
    "url": "https://example.com/tourism-basics.pdf",
    "visibility": "programme",
    "tags": []
  }
},
{
  "model": "chatbot.conversation",
  "pk": 1,
  "fields": {
    "created_at": "2026-03-16T15:44:30.274Z",
    "updated_at": "2026-03-19T09:16:31.707Z",
    "user": 5,
    "title": "Student assistant",
    "state": {
      "last_intent": "scope_guard",
      "last_query": "What is a fruit",
      "last_visual_cue": "scope_guard",
      "last_updated_at": "2026-03-19T09:16:31.707038+00:00"
    }
  }
},
{
  "model": "chatbot.turn",
  "pk": 1,
  "fields": {
    "created_at": "2026-03-16T15:44:30.302Z",
    "updated_at": "2026-03-16T15:44:30.302Z",
    "conversation": 1,
    "sender": "user",
    "text": "hi how are you"
  }
},
{
  "model": "chatbot.turn",
  "pk": 2,
  "fields": {
    "created_at": "2026-03-16T15:44:30.333Z",
    "updated_at": "2026-03-16T15:44:30.333Z",
    "conversation": 1,
    "sender": "bot",
    "text": "I am doing well and ready to support you. Tell me what you need, and I will keep it simple and clear."
  }
},
{
  "model": "chatbot.turn",
  "pk": 3,
  "fields": {
    "created_at": "2026-03-16T15:44:50.450Z",
    "updated_at": "2026-03-16T15:44:50.450Z",
    "conversation": 1,
    "sender": "user",
    "text": "what time is my next class"
  }
},
{
  "model": "chatbot.turn",
  "pk": 4,
  "fields": {
    "created_at": "2026-03-16T15:44:50.512Z",
    "updated_at": "2026-03-16T15:44:50.512Z",
    "conversation": 1,
    "sender": "bot",
    "text": "Your next classes: DTM102 at Tue 17 Mar 10:00 AM in Room 102; DTM103 at Wed 18 Mar 11:00 AM in Room 103; DTM101 at Mon 23 Mar 09:00 AM in Room 101 You do not have an upcoming class call right now. You can also ask: Which class is first tomorrow?, Do I have a call link for my next class?, Any deadlines this week?."
  }
},
{
  "model": "chatbot.turn",
  "pk": 5,
  "fields": {
    "created_at": "2026-03-19T07:56:44.741Z",
    "updated_at": "2026-03-19T07:56:44.741Z",
    "conversation": 1,
    "sender": "user",
    "text": "what time is my next class"
  }
},
{
  "model": "chatbot.turn",
  "pk": 6,
  "fields": {
    "created_at": "2026-03-19T07:56:44.766Z",
    "updated_at": "2026-03-19T07:56:44.766Z",
    "conversation": 1,
    "sender": "bot",
    "text": "Your next classes: DTM101 at Mon 23 Mar 09:00 AM in Room 101; DTM102 at Tue 24 Mar 10:00 AM in Room 102; DTM103 at Wed 25 Mar 11:00 AM in Room 103 You do not have an upcoming class call right now. You can also ask: Which class is first tomorrow?, Do I have a call link for my next class?, Any deadlines this week?."
  }
},
{
  "model": "chatbot.turn",
  "pk": 7,
  "fields": {
    "created_at": "2026-03-19T07:58:46.872Z",
    "updated_at": "2026-03-19T07:58:46.872Z",
    "conversation": 1,
    "sender": "user",
    "text": "what are mangoes"
  }
},
{
  "model": "chatbot.turn",
  "pk": 8,
  "fields": {
    "created_at": "2026-03-19T07:58:46.895Z",
    "updated_at": "2026-03-19T07:58:46.895Z",
    "conversation": 1,
    "sender": "bot",
    "text": "Your next classes: DTM101 at Mon 23 Mar 09:00 AM in Room 101; DTM102 at Tue 24 Mar 10:00 AM in Room 102; DTM103 at Wed 25 Mar 11:00 AM in Room 103 You do not have an upcoming class call right now. You can also ask: Which class is first tomorrow?, Do I have a call link for my next class?, Any deadlines this week?."
  }
},
{
  "model": "chatbot.turn",
  "pk": 9,
  "fields": {
    "created_at": "2026-03-19T07:59:06.060Z",
    "updated_at": "2026-03-19T07:59:06.060Z",
    "conversation": 1,
    "sender": "user",
    "text": "who is"
  }
},
{
  "model": "chatbot.turn",
  "pk": 10,
  "fields": {
    "created_at": "2026-03-19T07:59:06.091Z",
    "updated_at": "2026-03-19T07:59:06.091Z",
    "conversation": 1,
    "sender": "bot",
    "text": "Your next classes: DTM101 at Mon 23 Mar 09:00 AM in Room 101; DTM102 at Tue 24 Mar 10:00 AM in Room 102; DTM103 at Wed 25 Mar 11:00 AM in Room 103 You do not have an upcoming class call right now. You can also ask: Which class is first tomorrow?, Do I have a call link for my next class?, Any deadlines this week?."
  }
},
{
  "model": "chatbot.turn",
  "pk": 11,
  "fields": {
    "created_at": "2026-03-19T07:59:24.206Z",
    "updated_at": "2026-03-19T07:59:24.206Z",
    "conversation": 1,
    "sender": "user",
    "text": "who who is the lecturer for the next class"
  }
},
{
  "model": "chatbot.turn",
  "pk": 12,
  "fields": {
    "created_at": "2026-03-19T07:59:24.231Z",
    "updated_at": "2026-03-19T07:59:24.231Z",
    "conversation": 1,
    "sender": "bot",
    "text": "Your next classes: DTM101 at Mon 23 Mar 09:00 AM in Room 101; DTM102 at Tue 24 Mar 10:00 AM in Room 102; DTM103 at Wed 25 Mar 11:00 AM in Room 103 You do not have an upcoming class call right now. You can also ask: Which class is first tomorrow?, Do I have a call link for my next class?, Any deadlines this week?."
  }
},
{
  "model": "chatbot.turn",
  "pk": 13,
  "fields": {
    "created_at": "2026-03-19T08:22:31.044Z",
    "updated_at": "2026-03-19T08:22:31.044Z",
    "conversation": 1,
    "sender": "user",
    "text": "What is my next class?"
  }
},
{
  "model": "chatbot.turn",
  "pk": 14,
  "fields": {
    "created_at": "2026-03-19T08:22:31.071Z",
    "updated_at": "2026-03-19T08:22:31.071Z",
    "conversation": 1,
    "sender": "bot",
    "text": "Your next class is DTM101 at Mon 23 Mar 09:00 AM in Room 101 with Peter Lecturer."
  }
},
{
  "model": "chatbot.turn",
  "pk": 15,
  "fields": {
    "created_at": "2026-03-19T08:23:04.039Z",
    "updated_at": "2026-03-19T08:23:04.039Z",
    "conversation": 1,
    "sender": "user",
    "text": "What notes are pending for me to submit?"
  }
},
{
  "model": "chatbot.turn",
  "pk": 16,
  "fields": {
    "created_at": "2026-03-19T08:23:04.068Z",
    "updated_at": "2026-03-19T08:23:04.068Z",
    "conversation": 1,
    "sender": "bot",
    "text": "I can guide you step by step on your course topics, timetable, class calls, assignments, and CAT planning. Tell me one specific unit or topic and I will simplify it. You can also ask: When is my next class?, What assignments are due this week?, Help me revise one topic."
  }
},
{
  "model": "chatbot.turn",
  "pk": 17,
  "fields": {
    "created_at": "2026-03-19T08:23:51.471Z",
    "updated_at": "2026-03-19T08:23:51.471Z",
    "conversation": 1,
    "sender": "user",
    "text": "What are my pending assignments"
  }
},
{
  "model": "chatbot.turn",
  "pk": 18,
  "fields": {
    "created_at": "2026-03-19T08:23:51.489Z",
    "updated_at": "2026-03-19T08:23:51.489Z",
    "conversation": 1,
    "sender": "bot",
    "text": "Upcoming deadlines: DTM101 - DTM101 Week assignment due Thu 19 Mar 09:31 AM; DTM102 - DTM102 Week assignment due Thu 19 Mar 09:31 AM; DTM103 - DTM103 Week assignment due Thu 19 Mar 09:31 AM. You can also ask: What should I revise first?, When is my next class?, Do I have an online class call?."
  }
},
{
  "model": "chatbot.turn",
  "pk": 19,
  "fields": {
    "created_at": "2026-03-19T08:32:51.307Z",
    "updated_at": "2026-03-19T08:32:51.307Z",
    "conversation": 1,
    "sender": "user",
    "text": "Do I have an upcoming class call?"
  }
},
{
  "model": "chatbot.turn",
  "pk": 20,
  "fields": {
    "created_at": "2026-03-19T08:32:51.334Z",
    "updated_at": "2026-03-19T08:32:51.334Z",
    "conversation": 1,
    "sender": "bot",
    "text": "You do not have an upcoming class call right now. You can also ask: When is my next class?, Show class communities, Any school notices?."
  }
},
{
  "model": "chatbot.turn",
  "pk": 21,
  "fields": {
    "created_at": "2026-03-19T08:33:10.453Z",
    "updated_at": "2026-03-19T08:33:10.453Z",
    "conversation": 1,
    "sender": "user",
    "text": "When is my next class?"
  }
},
{
  "model": "chatbot.turn",
  "pk": 22,
  "fields": {
    "created_at": "2026-03-19T08:33:10.480Z",
    "updated_at": "2026-03-19T08:33:10.480Z",
    "conversation": 1,
    "sender": "bot",
    "text": "Your next class is DTM101 at Mon 23 Mar 09:00 AM in Room 101 with Peter Lecturer."
  }
},
{
  "model": "chatbot.turn",
  "pk": 23,
  "fields": {
    "created_at": "2026-03-19T08:33:32.411Z",
    "updated_at": "2026-03-19T08:33:32.411Z",
    "conversation": 1,
    "sender": "user",
    "text": "What school activities are coming up?"
  }
},
{
  "model": "chatbot.turn",
  "pk": 24,
  "fields": {
    "created_at": "2026-03-19T08:33:32.438Z",
    "updated_at": "2026-03-19T08:33:32.438Z",
    "conversation": 1,
    "sender": "bot",
    "text": "Recent notices: Online class session (2026-03-12T22:17:00+00:00). You can also ask: Do I have upcoming calls?, What classes are next?, Any assignment deadlines?."
  }
},
{
  "model": "chatbot.turn",
  "pk": 25,
  "fields": {
    "created_at": "2026-03-19T08:33:53.296Z",
    "updated_at": "2026-03-19T08:33:53.296Z",
    "conversation": 1,
    "sender": "user",
    "text": "Hello good morning"
  }
},
{
  "model": "chatbot.turn",
  "pk": 26,
  "fields": {
    "created_at": "2026-03-19T08:33:53.324Z",
    "updated_at": "2026-03-19T08:33:53.324Z",
    "conversation": 1,
    "sender": "bot",
    "text": "Hello. I can help with class times, scheduled calls, assignments, CAT reminders, and school notices."
  }
},
{
  "model": "chatbot.turn",
  "pk": 27,
  "fields": {
    "created_at": "2026-03-19T08:34:12.154Z",
    "updated_at": "2026-03-19T08:34:12.154Z",
    "conversation": 1,
    "sender": "user",
    "text": "What is a mango"
  }
},
{
  "model": "chatbot.turn",
  "pk": 28,
  "fields": {
    "created_at": "2026-03-19T08:34:12.184Z",
    "updated_at": "2026-03-19T08:34:12.184Z",
    "conversation": 1,
    "sender": "bot",
    "text": "That question is not relevant to school work. I can only help with classes, lecturers, assignments, calls, school activities, and course revision."
  }
},
{
  "model": "chatbot.turn",
  "pk": 29,
  "fields": {
    "created_at": "2026-03-19T08:35:17.839Z",
    "updated_at": "2026-03-19T08:35:17.839Z",
    "conversation": 1,
    "sender": "user",
    "text": "when is my next class"
  }
},
{
  "model": "chatbot.turn",
  "pk": 30,
  "fields": {
    "created_at": "2026-03-19T08:35:17.862Z",
    "updated_at": "2026-03-19T08:35:17.862Z",
    "conversation": 1,
    "sender": "bot",
    "text": "Your next class is DTM101 at Mon 23 Mar 09:00 AM in Room 101 with Peter Lecturer."
  }
},
{
  "model": "chatbot.turn",
  "pk": 31,
  "fields": {
    "created_at": "2026-03-19T09:16:02.574Z",
    "updated_at": "2026-03-19T09:16:02.574Z",
    "conversation": 1,
    "sender": "user",
    "text": "When is my next class?"
  }
},
{
  "model": "chatbot.turn",
  "pk": 32,
  "fields": {
    "created_at": "2026-03-19T09:16:02.632Z",
    "updated_at": "2026-03-19T09:16:02.632Z",
    "conversation": 1,
    "sender": "bot",
    "text": "Your next class is DTM101 at Mon 23 Mar 09:00 AM in Room 101 with Peter Lecturer."
  }
},
{
  "model": "chatbot.turn",
  "pk": 33,
  "fields": {
    "created_at": "2026-03-19T09:16:12.280Z",
    "updated_at": "2026-03-19T09:16:12.280Z",
    "conversation": 1,
    "sender": "user",
    "text": "When is my next class?"
  }
},
{
  "model": "chatbot.turn",
  "pk": 34,
  "fields": {
    "created_at": "2026-03-19T09:16:12.312Z",
    "updated_at": "2026-03-19T09:16:12.312Z",
    "conversation": 1,
    "sender": "bot",
    "text": "Your next class is DTM101 at Mon 23 Mar 09:00 AM in Room 101 with Peter Lecturer."
  }
},
{
  "model": "chatbot.turn",
  "pk": 35,
  "fields": {
    "created_at": "2026-03-19T09:16:14.312Z",
    "updated_at": "2026-03-19T09:16:14.312Z",
    "conversation": 1,
    "sender": "user",
    "text": "Do I have an upcoming class call?"
  }
},
{
  "model": "chatbot.turn",
  "pk": 36,
  "fields": {
    "created_at": "2026-03-19T09:16:14.337Z",
    "updated_at": "2026-03-19T09:16:14.337Z",
    "conversation": 1,
    "sender": "bot",
    "text": "You do not have an upcoming class call right now. You can also ask: When is my next class?, Show class communities, Any school notices?."
  }
},
{
  "model": "chatbot.turn",
  "pk": 37,
  "fields": {
    "created_at": "2026-03-19T09:16:31.642Z",
    "updated_at": "2026-03-19T09:16:31.642Z",
    "conversation": 1,
    "sender": "user",
    "text": "What is a fruit"
  }
},
{
  "model": "chatbot.turn",
  "pk": 38,
  "fields": {
    "created_at": "2026-03-19T09:16:31.682Z",
    "updated_at": "2026-03-19T09:16:31.682Z",
    "conversation": 1,
    "sender": "bot",
    "text": "That question is not relevant to school work. I can only help with classes, lecturers, assignments, calls, school activities, and course revision."
  }
},
{
  "model": "chatbot.courserevisionknowledge",
  "pk": 1,
  "fields": {
    "created_at": "2026-03-22T05:40:16.994Z",
    "updated_at": "2026-03-22T17:39:15.709Z",
    "programme": 3,
    "unit": 10,
    "topic_title": "Tourism basics and the visitor journey",
    "trigger_phrases": "tourism basics, introduction to tourism, tourism foundations, visitor journey, tourism industry, tourism value chain",
    "explanation": "Tourism is about visitors moving through a full journey: planning, booking, travelling, staying, experiencing the destination, and giving feedback after the trip. UN Tourism frames tourism as a value chain with destination appeal, products, supply, governance, and market dynamics, while IATA training breaks the industry into transport, accommodation, tour products, customer service, and travel documents.",
    "revision_tips": "Define tourism clearly. Distinguish the visitor from the service provider. Be ready to explain the trip from inspiration to post-trip review using one Kenyan example.",
    "practice_prompt": "Explain the visitor journey for a student traveller planning a trip from Nairobi to Amboseli.",
    "priority": 10,
    "is_active": true
  }
},
{
  "model": "chatbot.courserevisionknowledge",
  "pk": 2,
  "fields": {
    "created_at": "2026-03-22T05:40:17.027Z",
    "updated_at": "2026-03-22T17:39:15.746Z",
    "programme": 1,
    "unit": 1,
    "topic_title": "Tourism basics and the visitor journey",
    "trigger_phrases": "tourism basics, introduction to tourism, tourism foundations, visitor journey, tourism industry, tourism value chain",
    "explanation": "Tourism is about visitors moving through a full journey: planning, booking, travelling, staying, experiencing the destination, and giving feedback after the trip. UN Tourism frames tourism as a value chain with destination appeal, products, supply, governance, and market dynamics, while IATA training breaks the industry into transport, accommodation, tour products, customer service, and travel documents.",
    "revision_tips": "Define tourism clearly. Distinguish the visitor from the service provider. Be ready to explain the trip from inspiration to post-trip review using one Kenyan example.",
    "practice_prompt": "Explain the visitor journey for a student traveller planning a trip from Nairobi to Amboseli.",
    "priority": 10,
    "is_active": true
  }
},
{
  "model": "chatbot.courserevisionknowledge",
  "pk": 3,
  "fields": {
    "created_at": "2026-03-22T05:40:17.056Z",
    "updated_at": "2026-03-22T17:39:15.786Z",
    "programme": 2,
    "unit": 9,
    "topic_title": "Tourism basics and the visitor journey",
    "trigger_phrases": "tourism basics, introduction to tourism, tourism foundations, visitor journey, tourism industry, tourism value chain",
    "explanation": "Tourism is about visitors moving through a full journey: planning, booking, travelling, staying, experiencing the destination, and giving feedback after the trip. UN Tourism frames tourism as a value chain with destination appeal, products, supply, governance, and market dynamics, while IATA training breaks the industry into transport, accommodation, tour products, customer service, and travel documents.",
    "revision_tips": "Define tourism clearly. Distinguish the visitor from the service provider. Be ready to explain the trip from inspiration to post-trip review using one Kenyan example.",
    "practice_prompt": "Explain the visitor journey for a student traveller planning a trip from Nairobi to Amboseli.",
    "priority": 10,
    "is_active": true
  }
},
{
  "model": "chatbot.courserevisionknowledge",
  "pk": 4,
  "fields": {
    "created_at": "2026-03-22T05:40:17.083Z",
    "updated_at": "2026-03-22T17:39:15.834Z",
    "programme": 3,
    "unit": 11,
    "topic_title": "Travel geography and travel products",
    "trigger_phrases": "travel geography, geography and industry codes, travel products, tourism products, itinerary planning, destination and transport",
    "explanation": "Travel geography connects place, season, route, climate, transport links, and traveller purpose. IATA course content highlights geography and industry codes because travel staff must match destinations to air, hotel, rail, car hire, cruise, and packaged tour products.",
    "revision_tips": "Link every destination to access, seasonality, and product choice. Use route logic, not just memorised place names. Explain why one product fits one traveller better than another.",
    "practice_prompt": "Build a simple Kenya itinerary and justify the transport, accommodation, and tour products chosen.",
    "priority": 12,
    "is_active": true
  }
},
{
  "model": "chatbot.courserevisionknowledge",
  "pk": 5,
  "fields": {
    "created_at": "2026-03-22T05:40:17.122Z",
    "updated_at": "2026-03-22T17:39:15.876Z",
    "programme": 1,
    "unit": 2,
    "topic_title": "Travel geography and travel products",
    "trigger_phrases": "travel geography, geography and industry codes, travel products, tourism products, itinerary planning, destination and transport",
    "explanation": "Travel geography connects place, season, route, climate, transport links, and traveller purpose. IATA course content highlights geography and industry codes because travel staff must match destinations to air, hotel, rail, car hire, cruise, and packaged tour products.",
    "revision_tips": "Link every destination to access, seasonality, and product choice. Use route logic, not just memorised place names. Explain why one product fits one traveller better than another.",
    "practice_prompt": "Build a simple Kenya itinerary and justify the transport, accommodation, and tour products chosen.",
    "priority": 12,
    "is_active": true
  }
},
{
  "model": "chatbot.courserevisionknowledge",
  "pk": 6,
  "fields": {
    "created_at": "2026-03-22T05:40:17.160Z",
    "updated_at": "2026-03-22T17:39:15.916Z",
    "programme": 3,
    "unit": 12,
    "topic_title": "Customer service and service recovery",
    "trigger_phrases": "customer service, service recovery, complaints, customer expectations, listening skills, difficult customer",
    "explanation": "Strong travel service depends on listening, clear information, cultural awareness, and calm problem-solving at every customer touch point. IATA passenger-service guidance treats complaints, conflict management, boarding problems, and baggage issues as service moments that should be handled professionally and quickly.",
    "revision_tips": "Use a clear sequence: greet, listen, confirm the issue, explain options, resolve, and follow up. Show how good service keeps trust even when something goes wrong.",
    "practice_prompt": "How would you handle an angry traveller whose transfer or baggage has been delayed?",
    "priority": 14,
    "is_active": true
  }
},
{
  "model": "chatbot.courserevisionknowledge",
  "pk": 7,
  "fields": {
    "created_at": "2026-03-22T05:40:17.196Z",
    "updated_at": "2026-03-22T17:39:15.952Z",
    "programme": 1,
    "unit": 3,
    "topic_title": "Customer service and service recovery",
    "trigger_phrases": "customer service, service recovery, complaints, customer expectations, listening skills, difficult customer",
    "explanation": "Strong travel service depends on listening, clear information, cultural awareness, and calm problem-solving at every customer touch point. IATA passenger-service guidance treats complaints, conflict management, boarding problems, and baggage issues as service moments that should be handled professionally and quickly.",
    "revision_tips": "Use a clear sequence: greet, listen, confirm the issue, explain options, resolve, and follow up. Show how good service keeps trust even when something goes wrong.",
    "practice_prompt": "How would you handle an angry traveller whose transfer or baggage has been delayed?",
    "priority": 14,
    "is_active": true
  }
},
{
  "model": "chatbot.courserevisionknowledge",
  "pk": 8,
  "fields": {
    "created_at": "2026-03-22T05:40:17.228Z",
    "updated_at": "2026-03-22T17:39:15.987Z",
    "programme": 3,
    "unit": 14,
    "topic_title": "Destination management and destination quality",
    "trigger_phrases": "destination management, destination awareness, destination quality, destination stakeholders, visitor expectations",
    "explanation": "Destination management is not only about attracting visitors. UN Tourism describes it as creating the right environment on the ground so the destination meets visitor expectations while coordinating quality, access, stakeholders, and long-term sustainability.",
    "revision_tips": "Revise the four basics: attraction, access, quality delivery, and coordination. Include who manages each part: government, operators, communities, and destination managers.",
    "practice_prompt": "What must a destination manager coordinate to keep a destination attractive and well-run?",
    "priority": 16,
    "is_active": true
  }
},
{
  "model": "chatbot.courserevisionknowledge",
  "pk": 9,
  "fields": {
    "created_at": "2026-03-22T05:40:17.261Z",
    "updated_at": "2026-03-22T17:39:16.016Z",
    "programme": 3,
    "unit": 15,
    "topic_title": "Tourism marketing and matching products to travellers",
    "trigger_phrases": "tourism marketing, travel marketing, sales in tourism, customer loyalty, matching products to travellers",
    "explanation": "Tourism marketing is about matching the right traveller to the right product at the right time with clear value. IATA training links this to customer advice, customer loyalty, and accurate knowledge of destinations, timing, transport, and tourism products.",
    "revision_tips": "Think in segments: who is travelling, why they are travelling, what season they want, and what budget they have. Then connect those needs to a product, channel, and message.",
    "practice_prompt": "How would you market a Kenya wildlife package differently for a family, a student group, and a luxury traveller?",
    "priority": 18,
    "is_active": true
  }
},
{
  "model": "chatbot.courserevisionknowledge",
  "pk": 10,
  "fields": {
    "created_at": "2026-03-22T05:40:17.281Z",
    "updated_at": "2026-03-22T17:39:16.049Z",
    "programme": 1,
    "unit": 7,
    "topic_title": "Tourism marketing and matching products to travellers",
    "trigger_phrases": "tourism marketing, travel marketing, sales in tourism, customer loyalty, matching products to travellers",
    "explanation": "Tourism marketing is about matching the right traveller to the right product at the right time with clear value. IATA training links this to customer advice, customer loyalty, and accurate knowledge of destinations, timing, transport, and tourism products.",
    "revision_tips": "Think in segments: who is travelling, why they are travelling, what season they want, and what budget they have. Then connect those needs to a product, channel, and message.",
    "practice_prompt": "How would you market a Kenya wildlife package differently for a family, a student group, and a luxury traveller?",
    "priority": 18,
    "is_active": true
  }
},
{
  "model": "chatbot.courserevisionknowledge",
  "pk": 11,
  "fields": {
    "created_at": "2026-03-22T05:40:17.301Z",
    "updated_at": "2026-03-22T17:39:16.077Z",
    "programme": 3,
    "unit": 16,
    "topic_title": "Reservations, travel documents, and agency workflow",
    "trigger_phrases": "travel agency operations, reservation systems, travel documents, passport and visa, agency workflow, tour operations",
    "explanation": "Travel agency work follows a clear flow: identify traveller needs, check travel requirements, compare products, make reservations, confirm documents, and maintain the booking. IATA course content emphasises passport and visa requirements, insurance options, travel itineraries, reservations, and issuing travel documents correctly.",
    "revision_tips": "Be ready to explain each step from inquiry to final confirmation. Mention document checks, itinerary building, pricing, and reservation maintenance.",
    "practice_prompt": "Outline the workflow a travel consultant follows from first customer inquiry to final booking confirmation.",
    "priority": 20,
    "is_active": true
  }
},
{
  "model": "chatbot.courserevisionknowledge",
  "pk": 12,
  "fields": {
    "created_at": "2026-03-22T05:40:17.321Z",
    "updated_at": "2026-03-22T17:39:16.111Z",
    "programme": 1,
    "unit": 8,
    "topic_title": "Reservations, travel documents, and agency workflow",
    "trigger_phrases": "travel agency operations, reservation systems, travel documents, passport and visa, agency workflow, tour operations",
    "explanation": "Travel agency work follows a clear flow: identify traveller needs, check travel requirements, compare products, make reservations, confirm documents, and maintain the booking. IATA course content emphasises passport and visa requirements, insurance options, travel itineraries, reservations, and issuing travel documents correctly.",
    "revision_tips": "Be ready to explain each step from inquiry to final confirmation. Mention document checks, itinerary building, pricing, and reservation maintenance.",
    "practice_prompt": "Outline the workflow a travel consultant follows from first customer inquiry to final booking confirmation.",
    "priority": 20,
    "is_active": true
  }
},
{
  "model": "chatbot.courserevisionknowledge",
  "pk": 13,
  "fields": {
    "created_at": "2026-03-22T05:40:17.346Z",
    "updated_at": "2026-03-22T17:39:16.148Z",
    "programme": 3,
    "unit": 18,
    "topic_title": "Booking platforms and digital distribution channels",
    "trigger_phrases": "booking platforms, digital distribution, gds, sabre, distribution channels, online booking",
    "explanation": "Digital distribution in tourism connects suppliers and customers through channels such as GDS tools, airline systems, hotel systems, and tour platforms. IATA training highlights Sabre-based reservation skills because modern tourism sales depend on accurate coding, live availability, and clean booking records.",
    "revision_tips": "Differentiate the channel from the product. Revise why accuracy matters in codes, names, dates, and booking status.",
    "practice_prompt": "Why are digital distribution channels important in modern tour operations and reservation work?",
    "priority": 22,
    "is_active": true
  }
},
{
  "model": "chatbot.courserevisionknowledge",
  "pk": 14,
  "fields": {
    "created_at": "2026-03-22T05:40:17.369Z",
    "updated_at": "2026-03-22T17:39:16.188Z",
    "programme": 3,
    "unit": 19,
    "topic_title": "Travel regulations, safety, and passenger handling",
    "trigger_phrases": "travel regulations, travel safety, passenger handling, baggage rules, boarding, travel requirements",
    "explanation": "Travel safety work includes checking travel requirements, handling passengers correctly, following baggage and boarding rules, and managing disruptions without losing control. IATA passenger-service guidance ties customer care to compliance with passenger and baggage handling standards.",
    "revision_tips": "Revise documents, baggage rules, complaints, denied boarding, and disruption handling as one connected service process.",
    "practice_prompt": "What should front-line travel staff do when a passenger faces a document or baggage problem at departure?",
    "priority": 24,
    "is_active": true
  }
},
{
  "model": "chatbot.courserevisionknowledge",
  "pk": 15,
  "fields": {
    "created_at": "2026-03-22T05:40:17.401Z",
    "updated_at": "2026-03-22T17:39:16.220Z",
    "programme": 3,
    "unit": 20,
    "topic_title": "The business of tourism and the tourism value chain",
    "trigger_phrases": "business of tourism, tourism value chain, tourism stakeholders, tourism economy, tourism sectors",
    "explanation": "Tourism works as a connected business system rather than a single product. UN Tourism links competitiveness to governance, market dynamics, destination appeal, products, and supply, while its wider mission emphasises growth, jobs, sustainability, innovation, and local community benefit.",
    "revision_tips": "Explain how transport, accommodation, attractions, travel intermediaries, communities, and regulators depend on each other.",
    "practice_prompt": "Why should tourism be studied as a value chain instead of as isolated businesses?",
    "priority": 26,
    "is_active": true
  }
},
{
  "model": "chatbot.courserevisionknowledge",
  "pk": 16,
  "fields": {
    "created_at": "2026-03-22T05:40:17.427Z",
    "updated_at": "2026-03-22T17:39:16.265Z",
    "programme": 3,
    "unit": 23,
    "topic_title": "Sustainable and responsible tourism",
    "trigger_phrases": "sustainable tourism, responsible tourism, tourism and sdgs, local community benefit, tourism ethics",
    "explanation": "Sustainable tourism balances economic benefit, community wellbeing, and environmental protection. UN Tourism treats the ethics and sustainability agenda as practical work: protect heritage, reduce harm, support local communities, and measure tourism impacts instead of only chasing arrivals.",
    "revision_tips": "Always discuss the three dimensions together: economic, social, and environmental. Use one Kenya example to show how tourism can support livelihoods and conservation at the same time.",
    "practice_prompt": "How can a tourism destination grow visitor numbers without damaging local culture or ecosystems?",
    "priority": 28,
    "is_active": true
  }
},
{
  "model": "chatbot.courserevisionknowledge",
  "pk": 17,
  "fields": {
    "created_at": "2026-03-22T05:40:17.454Z",
    "updated_at": "2026-03-22T17:39:16.305Z",
    "programme": 1,
    "unit": 5,
    "topic_title": "Sustainable and responsible tourism",
    "trigger_phrases": "sustainable tourism, responsible tourism, tourism and sdgs, local community benefit, tourism ethics",
    "explanation": "Sustainable tourism balances economic benefit, community wellbeing, and environmental protection. UN Tourism treats the ethics and sustainability agenda as practical work: protect heritage, reduce harm, support local communities, and measure tourism impacts instead of only chasing arrivals.",
    "revision_tips": "Always discuss the three dimensions together: economic, social, and environmental. Use one Kenya example to show how tourism can support livelihoods and conservation at the same time.",
    "practice_prompt": "How can a tourism destination grow visitor numbers without damaging local culture or ecosystems?",
    "priority": 28,
    "is_active": true
  }
},
{
  "model": "chatbot.courserevisionknowledge",
  "pk": 18,
  "fields": {
    "created_at": "2026-03-22T05:40:17.478Z",
    "updated_at": "2026-03-22T17:39:16.346Z",
    "programme": 3,
    "unit": 26,
    "topic_title": "Ecotourism and protected area management",
    "trigger_phrases": "ecotourism, protected areas, nature based tourism, conservation tourism, protected area management",
    "explanation": "UN Tourism defines ecotourism as nature-based tourism with education, interpretation, low impact, and support for local communities and conservation. Kenyan protected areas such as Amboseli show how wildlife, landscape, culture, and conservation management all shape the tourism product.",
    "revision_tips": "State the core ecotourism features: nature focus, education, low impact, community benefit, and conservation support. Then connect them to one protected area example.",
    "practice_prompt": "Why is ecotourism more than simply visiting a national park?",
    "priority": 30,
    "is_active": true
  }
},
{
  "model": "chatbot.courserevisionknowledge",
  "pk": 19,
  "fields": {
    "created_at": "2026-03-22T05:40:17.507Z",
    "updated_at": "2026-03-22T17:39:16.395Z",
    "programme": 3,
    "unit": 27,
    "topic_title": "Niche and cultural tourism products",
    "trigger_phrases": "niche tourism, cultural tourism, special interest tourism, heritage tourism, tourism products",
    "explanation": "Niche tourism focuses on a specific interest, motivation, or experience instead of a mass-market offer. UN Tourism's cultural tourism guidance shows that specialised products often depend on heritage, food, creativity, traditions, and local lifestyles, so the product must respect culture while still creating value for visitors and communities.",
    "revision_tips": "Differentiate niche tourism from mass tourism. Use examples such as cultural tourism, ecotourism, birding, or educational travel.",
    "practice_prompt": "What makes a tourism product niche, and how should it be marketed differently?",
    "priority": 32,
    "is_active": true
  }
},
{
  "model": "chatbot.courserevisionknowledge",
  "pk": 20,
  "fields": {
    "created_at": "2026-03-22T05:40:17.540Z",
    "updated_at": "2026-03-22T17:39:16.442Z",
    "programme": 3,
    "unit": 28,
    "topic_title": "Crisis preparedness and recovery in tourism",
    "trigger_phrases": "crisis management, tourism crisis, crisis preparedness, recovery, risk assessment",
    "explanation": "Tourism crisis management starts before the crisis. UN Tourism's SAFE-D work stresses risk assessment, monitoring, preparedness, response, recovery, and coordination so destinations can protect travellers, businesses, and communities while restoring confidence.",
    "revision_tips": "Structure your answer around the crisis cycle: prepare, respond, recover, review. Include communication and stakeholder coordination.",
    "practice_prompt": "How should a destination respond to a major safety incident without damaging long-term visitor confidence?",
    "priority": 34,
    "is_active": true
  }
},
{
  "model": "chatbot.courserevisionknowledge",
  "pk": 21,
  "fields": {
    "created_at": "2026-03-22T05:40:17.570Z",
    "updated_at": "2026-03-22T17:39:16.488Z",
    "programme": 3,
    "unit": 29,
    "topic_title": "Tourism research methods and evidence-based decisions",
    "trigger_phrases": "research methods, tourism research, tourism statistics, questionnaires, evidence based decisions",
    "explanation": "Tourism research depends on clear questions, reliable indicators, and methods that can be compared across places and time. UN Tourism's statistics guidance emphasises standardised data collection, internationally comparable indicators, and evidence-based decision making rather than guesswork.",
    "revision_tips": "Revise problem statement, objectives, data collection method, indicator choice, and interpretation. Show why bad data leads to bad decisions.",
    "practice_prompt": "Why are standard indicators and reliable data collection important in tourism research?",
    "priority": 36,
    "is_active": true
  }
},
{
  "model": "chatbot.courserevisionknowledge",
  "pk": 22,
  "fields": {
    "created_at": "2026-03-22T05:40:17.602Z",
    "updated_at": "2026-03-22T17:39:16.526Z",
    "programme": 3,
    "unit": 32,
    "topic_title": "Airline and airport operations",
    "trigger_phrases": "airline operations, airport operations, ground handling, passenger service, boarding operations",
    "explanation": "Airline and airport operations combine customer service, baggage handling, boarding control, safety standards, and coordination between airlines and ground teams. IATA training places strong emphasis on passenger handling, on-time performance, baggage control, and safe, efficient ground operations.",
    "revision_tips": "Connect airside work, landside work, passenger care, baggage flow, and disruption handling in one answer.",
    "practice_prompt": "What areas must airport operations teams control to keep passenger service safe and efficient?",
    "priority": 38,
    "is_active": true
  }
},
{
  "model": "chatbot.courserevisionknowledge",
  "pk": 23,
  "fields": {
    "created_at": "2026-03-22T05:40:17.635Z",
    "updated_at": "2026-03-22T17:39:16.570Z",
    "programme": 3,
    "unit": 33,
    "topic_title": "Entrepreneurship and innovation in tourism",
    "trigger_phrases": "tourism entrepreneurship, innovation in tourism, tourism business idea, tourism startup, tourism opportunity",
    "explanation": "Tourism entrepreneurship is about spotting unmet visitor needs and building viable services around them. UN Tourism's strategic priorities tie innovation and entrepreneurship to competitiveness, jobs, investment, and long-term sector growth.",
    "revision_tips": "Show the link between problem, customer segment, product idea, delivery channel, and revenue source. Use a realistic tourism example.",
    "practice_prompt": "How would you turn one tourism need in Kenya into a viable small business idea?",
    "priority": 40,
    "is_active": true
  }
},
{
  "model": "notifications.notification",
  "pk": 1,
  "fields": {
    "created_at": "2026-03-11T19:18:05.023Z",
    "updated_at": "2026-03-11T19:18:05.023Z",
    "user": 3,
    "type": "class_call_scheduled",
    "channel": "in_app",
    "payload": {
      "source_id": "25c6f356-78de-4e16-a714-28dcb086b900",
      "title": "Online class session",
      "unit_id": 2,
      "unit_code": "DTM102",
      "meeting_url": "https://meet.jit.si/eduassist-dtm102-1773256685",
      "start_at": "2026-03-12T22:17:00+00:00",
      "end_at": "2026-03-12T23:17:00+00:00"
    },
    "send_at": "2026-03-11T19:18:05.022Z",
    "status": "sent"
  }
},
{
  "model": "notifications.notification",
  "pk": 2,
  "fields": {
    "created_at": "2026-03-11T19:18:05.059Z",
    "updated_at": "2026-03-11T19:18:05.059Z",
    "user": 5,
    "type": "class_call_scheduled",
    "channel": "in_app",
    "payload": {
      "source_id": "25c6f356-78de-4e16-a714-28dcb086b900",
      "title": "Online class session",
      "unit_id": 2,
      "unit_code": "DTM102",
      "meeting_url": "https://meet.jit.si/eduassist-dtm102-1773256685",
      "start_at": "2026-03-12T22:17:00+00:00",
      "end_at": "2026-03-12T23:17:00+00:00"
    },
    "send_at": "2026-03-11T19:18:05.059Z",
    "status": "sent"
  }
},
{
  "model": "notifications.notification",
  "pk": 3,
  "fields": {
    "created_at": "2026-03-22T15:19:19.384Z",
    "updated_at": "2026-03-22T15:19:19.384Z",
    "user": 3,
    "type": "class_call_scheduled",
    "channel": "in_app",
    "payload": {
      "source_id": "demo-call-student1-dtm101",
      "title": "DTM101 live class",
      "unit_id": 1,
      "unit_code": "DTM101",
      "meeting_url": "https://meet.jit.si/eduassist-dtm101-64b59d19",
      "start_at": "2026-03-23T14:00:00+00:00",
      "end_at": "2026-03-23T15:00:00+00:00"
    },
    "send_at": "2026-03-22T15:19:19.383Z",
    "status": "sent"
  }
},
{
  "model": "notifications.notification",
  "pk": 4,
  "fields": {
    "created_at": "2026-03-22T15:19:19.445Z",
    "updated_at": "2026-03-22T15:19:19.445Z",
    "user": 5,
    "type": "class_call_scheduled",
    "channel": "in_app",
    "payload": {
      "source_id": "demo-call-student1-dtm101",
      "title": "DTM101 live class",
      "unit_id": 1,
      "unit_code": "DTM101",
      "meeting_url": "https://meet.jit.si/eduassist-dtm101-64b59d19",
      "start_at": "2026-03-23T14:00:00+00:00",
      "end_at": "2026-03-23T15:00:00+00:00"
    },
    "send_at": "2026-03-22T15:19:19.445Z",
    "status": "sent"
  }
},
{
  "model": "notifications.notification",
  "pk": 5,
  "fields": {
    "created_at": "2026-03-22T15:19:19.500Z",
    "updated_at": "2026-03-22T15:19:19.500Z",
    "user": 6,
    "type": "class_call_scheduled",
    "channel": "in_app",
    "payload": {
      "source_id": "demo-call-student1-dtm101",
      "title": "DTM101 live class",
      "unit_id": 1,
      "unit_code": "DTM101",
      "meeting_url": "https://meet.jit.si/eduassist-dtm101-64b59d19",
      "start_at": "2026-03-23T14:00:00+00:00",
      "end_at": "2026-03-23T15:00:00+00:00"
    },
    "send_at": "2026-03-22T15:19:19.499Z",
    "status": "sent"
  }
},
{
  "model": "notifications.notification",
  "pk": 6,
  "fields": {
    "created_at": "2026-03-22T17:39:34.513Z",
    "updated_at": "2026-03-22T17:39:34.513Z",
    "user": 3,
    "type": "class_call_scheduled",
    "channel": "in_app",
    "payload": {
      "source_id": "demo-call-student1-dtm101",
      "title": "DTM101 live class",
      "unit_id": 1,
      "unit_code": "DTM101",
      "meeting_url": "https://meet.jit.si/eduassist-dtm101-4f34c7a4",
      "start_at": "2026-03-23T14:00:00+00:00",
      "end_at": "2026-03-23T15:00:00+00:00"
    },
    "send_at": "2026-03-22T17:39:34.512Z",
    "status": "sent"
  }
},
{
  "model": "notifications.notification",
  "pk": 7,
  "fields": {
    "created_at": "2026-03-22T17:39:34.605Z",
    "updated_at": "2026-03-22T17:39:34.605Z",
    "user": 5,
    "type": "class_call_scheduled",
    "channel": "in_app",
    "payload": {
      "source_id": "demo-call-student1-dtm101",
      "title": "DTM101 live class",
      "unit_id": 1,
      "unit_code": "DTM101",
      "meeting_url": "https://meet.jit.si/eduassist-dtm101-4f34c7a4",
      "start_at": "2026-03-23T14:00:00+00:00",
      "end_at": "2026-03-23T15:00:00+00:00"
    },
    "send_at": "2026-03-22T17:39:34.604Z",
    "status": "sent"
  }
},
{
  "model": "notifications.notification",
  "pk": 8,
  "fields": {
    "created_at": "2026-03-22T17:39:34.681Z",
    "updated_at": "2026-03-22T17:39:34.681Z",
    "user": 6,
    "type": "class_call_scheduled",
    "channel": "in_app",
    "payload": {
      "source_id": "demo-call-student1-dtm101",
      "title": "DTM101 live class",
      "unit_id": 1,
      "unit_code": "DTM101",
      "meeting_url": "https://meet.jit.si/eduassist-dtm101-4f34c7a4",
      "start_at": "2026-03-23T14:00:00+00:00",
      "end_at": "2026-03-23T15:00:00+00:00"
    },
    "send_at": "2026-03-22T17:39:34.680Z",
    "status": "sent"
  }
},
{
  "model": "core.department",
  "pk": 1,
  "fields": {
    "name": "Tourism and Travel",
    "code": "TT",
    "created_at": "2025-11-19T11:28:47.387Z",
    "updated_at": "2025-11-19T11:28:48.081Z",
    "head_of_department": 2
  }
},
{
  "model": "core.calendarevent",
  "pk": 1,
  "fields": {
    "created_at": "2026-03-11T19:18:05.004Z",
    "updated_at": "2026-03-11T19:18:05.004Z",
    "owner_user": 3,
    "title": "Online class session",
    "description": "Scheduled lecturer-led online class.",
    "start_at": "2026-03-12T22:17:00Z",
    "end_at": "2026-03-12T23:17:00Z",
    "timezone_hint": "Africa/Nairobi",
    "source_type": "class_call",
    "source_id": "25c6f356-78de-4e16-a714-28dcb086b900",
    "metadata": {
      "unit_id": 2,
      "unit_code": "DTM102",
      "unit_title": "Travel Geography",
      "meeting_url": "https://meet.jit.si/eduassist-dtm102-1773256685",
      "scheduled_by_user_id": 3
    },
    "is_active": true
  }
},
{
  "model": "core.calendarevent",
  "pk": 2,
  "fields": {
    "created_at": "2026-03-11T19:18:05.047Z",
    "updated_at": "2026-03-11T19:18:05.047Z",
    "owner_user": 5,
    "title": "Online class session",
    "description": "Scheduled lecturer-led online class.",
    "start_at": "2026-03-12T22:17:00Z",
    "end_at": "2026-03-12T23:17:00Z",
    "timezone_hint": "Africa/Nairobi",
    "source_type": "class_call",
    "source_id": "25c6f356-78de-4e16-a714-28dcb086b900",
    "metadata": {
      "unit_id": 2,
      "unit_code": "DTM102",
      "unit_title": "Travel Geography",
      "meeting_url": "https://meet.jit.si/eduassist-dtm102-1773256685",
      "scheduled_by_user_id": 3
    },
    "is_active": true
  }
},
{
  "model": "core.calendarevent",
  "pk": 3,
  "fields": {
    "created_at": "2026-03-22T15:19:19.351Z",
    "updated_at": "2026-03-22T17:39:34.487Z",
    "owner_user": 3,
    "title": "DTM101 live class",
    "description": "Demo online class for Introduction to Tourism",
    "start_at": "2026-03-23T14:00:00Z",
    "end_at": "2026-03-23T15:00:00Z",
    "timezone_hint": "Africa/Nairobi",
    "source_type": "class_call",
    "source_id": "demo-call-student1-dtm101",
    "metadata": {
      "unit_id": 1,
      "unit_code": "DTM101",
      "unit_title": "Introduction to Tourism",
      "meeting_url": "https://meet.jit.si/eduassist-dtm101-4f34c7a4",
      "scheduled_by_user_id": 3
    },
    "is_active": true
  }
},
{
  "model": "core.calendarevent",
  "pk": 4,
  "fields": {
    "created_at": "2026-03-22T15:19:19.425Z",
    "updated_at": "2026-03-22T17:39:34.567Z",
    "owner_user": 5,
    "title": "DTM101 live class",
    "description": "Demo online class for Introduction to Tourism",
    "start_at": "2026-03-23T14:00:00Z",
    "end_at": "2026-03-23T15:00:00Z",
    "timezone_hint": "Africa/Nairobi",
    "source_type": "class_call",
    "source_id": "demo-call-student1-dtm101",
    "metadata": {
      "unit_id": 1,
      "unit_code": "DTM101",
      "unit_title": "Introduction to Tourism",
      "meeting_url": "https://meet.jit.si/eduassist-dtm101-4f34c7a4",
      "scheduled_by_user_id": 3
    },
    "is_active": true
  }
},
{
  "model": "core.calendarevent",
  "pk": 5,
  "fields": {
    "created_at": "2026-03-22T15:19:19.478Z",
    "updated_at": "2026-03-22T17:39:34.656Z",
    "owner_user": 6,
    "title": "DTM101 live class",
    "description": "Demo online class for Introduction to Tourism",
    "start_at": "2026-03-23T14:00:00Z",
    "end_at": "2026-03-23T15:00:00Z",
    "timezone_hint": "Africa/Nairobi",
    "source_type": "class_call",
    "source_id": "demo-call-student1-dtm101",
    "metadata": {
      "unit_id": 1,
      "unit_code": "DTM101",
      "unit_title": "Introduction to Tourism",
      "meeting_url": "https://meet.jit.si/eduassist-dtm101-4f34c7a4",
      "scheduled_by_user_id": 3
    },
    "is_active": true
  }
},
{
  "model": "core.datagovernancepolicy",
  "pk": 1,
  "fields": {
    "created_at": "2026-03-11T19:39:05.532Z",
    "updated_at": "2026-03-11T19:39:05.532Z",
    "name": "default",
    "audit_retention_days": 365,
    "chat_retention_days": 365,
    "report_retention_days": 365,
    "backup_enabled": true,
    "backup_frequency": "weekly",
    "backup_location": "",
    "immutable_audit_enabled": true
  }
}
]
